Timestamp;Type;Symbole;Action;Prix;Volume;Stop_Loss;Take_Profit;Message;Balance;Equity
2026-01-11 22:04:16;ERROR;;;;;;;Échec de connexion au compte MT5: (-10005, 'IPC timeout');;
2026-01-11 22:35:22;INFO;;;;;;;Connecté au compte MT5: 101181033;;
2026-01-11 22:35:22;INFO;;;;;;;Compte: 101181033, Balance: 10000.0, Equity: 10000.0;10000.0;10000.0
2026-01-11 22:35:22;ERROR;;;;;;;Symbole BTCUSD non trouvé;;
2026-01-11 22:37:20;INFO;;;;;;;Connecté au compte MT5: 101181033;;
2026-01-11 22:37:20;INFO;;;;;;;Compte: 101181033, Balance: 10000.0, Equity: 10000.0;10000.0;10000.0
2026-01-11 22:37:20;ERROR;;;;;;;Symbole Bitcoin non trouvé;;
2026-01-11 22:42:50;INFO;;;;;;;Connecté au compte MT5: 101181033;;
2026-01-11 22:42:50;INFO;;;;;;;Compte: 101181033, Balance: 10000.0, Equity: 10000.0;10000.0;10000.0
2026-01-11 22:42:51;INFO;;;;;;;Session démarrée: 20260111_224251;;
2026-01-11 22:42:51;ERROR;;;;;;;Erreur dans analyze_pairs_opportunity: name 'RATIO_WINDOW' is not defined;;
2026-01-11 22:43:06;ERROR;;;;;;;Erreur dans analyze_pairs_opportunity: name 'RATIO_WINDOW' is not defined;;
2026-01-11 22:43:21;ERROR;;;;;;;Erreur dans analyze_pairs_opportunity: name 'RATIO_WINDOW' is not defined;;
2026-01-11 22:43:36;ERROR;;;;;;;Erreur dans analyze_pairs_opportunity: name 'RATIO_WINDOW' is not defined;;
2026-01-11 22:43:51;ERROR;;;;;;;Erreur dans analyze_pairs_opportunity: name 'RATIO_WINDOW' is not defined;;
2026-01-11 22:44:06;ERROR;;;;;;;Erreur dans analyze_pairs_opportunity: name 'RATIO_WINDOW' is not defined;;
2026-01-11 22:44:21;ERROR;;;;;;;Erreur dans analyze_pairs_opportunity: name 'RATIO_WINDOW' is not defined;;
2026-01-11 22:44:36;ERROR;;;;;;;Erreur dans analyze_pairs_opportunity: name 'RATIO_WINDOW' is not defined;;
2026-01-11 22:44:51;ERROR;;;;;;;Erreur dans analyze_pairs_opportunity: name 'RATIO_WINDOW' is not defined;;
2026-01-11 22:45:06;ERROR;;;;;;;Erreur dans analyze_pairs_opportunity: name 'RATIO_WINDOW' is not defined;;
2026-01-11 22:45:21;ERROR;;;;;;;Erreur dans analyze_pairs_opportunity: name 'RATIO_WINDOW' is not defined;;
2026-01-11 22:45:36;ERROR;;;;;;;Erreur dans analyze_pairs_opportunity: name 'RATIO_WINDOW' is not defined;;
2026-01-11 22:45:51;ERROR;;;;;;;Erreur dans analyze_pairs_opportunity: name 'RATIO_WINDOW' is not defined;;
2026-01-11 22:45:55;INFO;;;;;;;Connecté au compte MT5: 101181033;;
2026-01-11 22:45:55;INFO;;;;;;;Compte: 101181033, Balance: 10000.0, Equity: 10000.0;10000.0;10000.0
2026-01-11 22:45:55;INFO;;;;;;;Session démarrée: 20260111_224555;;
2026-01-11 22:45:58;ERROR;;;;;;;Erreur dans analyze_pairs_opportunity: name 'RATIO_WINDOW' is not defined;;
2026-01-11 22:46:06;ERROR;;;;;;;Erreur dans analyze_pairs_opportunity: name 'RATIO_WINDOW' is not defined;;
2026-01-11 22:46:13;ERROR;;;;;;;Erreur dans analyze_pairs_opportunity: name 'RATIO_WINDOW' is not defined;;
2026-01-11 22:46:21;ERROR;;;;;;;Erreur dans analyze_pairs_opportunity: name 'RATIO_WINDOW' is not defined;;
2026-01-11 22:46:28;ERROR;;;;;;;Erreur dans analyze_pairs_opportunity: name 'RATIO_WINDOW' is not defined;;
2026-01-11 22:46:36;ERROR;;;;;;;Erreur dans analyze_pairs_opportunity: name 'RATIO_WINDOW' is not defined;;
2026-01-11 22:46:43;ERROR;;;;;;;Erreur dans analyze_pairs_opportunity: name 'RATIO_WINDOW' is not defined;;
2026-01-11 22:46:51;ERROR;;;;;;;Erreur dans analyze_pairs_opportunity: name 'RATIO_WINDOW' is not defined;;
2026-01-11 22:46:58;ERROR;;;;;;;Erreur dans analyze_pairs_opportunity: name 'RATIO_WINDOW' is not defined;;
2026-01-11 22:47:06;ERROR;;;;;;;Erreur dans analyze_pairs_opportunity: name 'RATIO_WINDOW' is not defined;;
2026-01-11 22:47:13;ERROR;;;;;;;Erreur dans analyze_pairs_opportunity: name 'RATIO_WINDOW' is not defined;;
2026-01-11 22:47:21;ERROR;;;;;;;Erreur dans analyze_pairs_opportunity: name 'RATIO_WINDOW' is not defined;;
2026-01-11 22:47:28;ERROR;;;;;;;Erreur dans analyze_pairs_opportunity: name 'RATIO_WINDOW' is not defined;;
2026-01-11 22:47:36;ERROR;;;;;;;Erreur dans analyze_pairs_opportunity: name 'RATIO_WINDOW' is not defined;;
2026-01-11 22:47:43;ERROR;;;;;;;Erreur dans analyze_pairs_opportunity: name 'RATIO_WINDOW' is not defined;;
2026-01-11 22:47:47;INFO;;;;;;;Connecté au compte MT5: 101181033;;
2026-01-11 22:47:47;INFO;;;;;;;Compte: 101181033, Balance: 10000.0, Equity: 10000.0;10000.0;10000.0
2026-01-11 22:47:47;INFO;;;;;;;Session démarrée: 20260111_224747;;
2026-01-11 22:47:47;ERROR;;;;;;;Erreur dans analyze_pairs_opportunity: name 'RATIO_WINDOW' is not defined;;
2026-01-11 22:47:51;ERROR;;;;;;;Erreur dans analyze_pairs_opportunity: name 'RATIO_WINDOW' is not defined;;
2026-01-11 22:47:58;ERROR;;;;;;;Erreur dans analyze_pairs_opportunity: name 'RATIO_WINDOW' is not defined;;
2026-01-11 22:48:02;ERROR;;;;;;;Erreur dans analyze_pairs_opportunity: name 'RATIO_WINDOW' is not defined;;
2026-01-11 22:48:06;ERROR;;;;;;;Erreur dans analyze_pairs_opportunity: name 'RATIO_WINDOW' is not defined;;
2026-01-11 22:48:13;ERROR;;;;;;;Erreur dans analyze_pairs_opportunity: name 'RATIO_WINDOW' is not defined;;
2026-01-11 22:48:17;ERROR;;;;;;;Erreur dans analyze_pairs_opportunity: name 'RATIO_WINDOW' is not defined;;
2026-01-11 22:48:21;ERROR;;;;;;;Erreur dans analyze_pairs_opportunity: name 'RATIO_WINDOW' is not defined;;
2026-01-11 22:48:28;ERROR;;;;;;;Erreur dans analyze_pairs_opportunity: name 'RATIO_WINDOW' is not defined;;
2026-01-11 22:48:30;INFO;;;;;;;Connecté au compte MT5: 101181033;;
2026-01-11 22:48:30;INFO;;;;;;;Compte: 101181033, Balance: 10000.0, Equity: 10000.0;10000.0;10000.0
2026-01-11 22:48:30;INFO;;;;;;;Session démarrée: 20260111_224830;;
2026-01-11 22:48:32;ERROR;;;;;;;Erreur dans analyze_pairs_opportunity: Numba needs NumPy 2.2 or less. Got NumPy 2.3.;;
2026-01-11 22:48:32;ERROR;;;;;;;Erreur dans analyze_pairs_opportunity: name 'RATIO_WINDOW' is not defined;;
2026-01-11 22:48:36;ERROR;;;;;;;Erreur dans analyze_pairs_opportunity: name 'RATIO_WINDOW' is not defined;;
2026-01-11 22:48:43;ERROR;;;;;;;Erreur dans analyze_pairs_opportunity: name 'RATIO_WINDOW' is not defined;;
2026-01-11 22:48:47;ERROR;;;;;;;Erreur dans analyze_pairs_opportunity: Numba needs NumPy 2.2 or less. Got NumPy 2.3.;;
2026-01-11 22:48:47;ERROR;;;;;;;Erreur dans analyze_pairs_opportunity: name 'RATIO_WINDOW' is not defined;;
2026-01-11 22:48:51;ERROR;;;;;;;Erreur dans analyze_pairs_opportunity: name 'RATIO_WINDOW' is not defined;;
2026-01-11 22:48:58;ERROR;;;;;;;Erreur dans analyze_pairs_opportunity: name 'RATIO_WINDOW' is not defined;;
2026-01-11 22:49:02;ERROR;;;;;;;Erreur dans analyze_pairs_opportunity: Numba needs NumPy 2.2 or less. Got NumPy 2.3.;;
2026-01-11 22:49:02;ERROR;;;;;;;Erreur dans analyze_pairs_opportunity: name 'RATIO_WINDOW' is not defined;;
2026-01-11 22:49:06;ERROR;;;;;;;Erreur dans analyze_pairs_opportunity: name 'RATIO_WINDOW' is not defined;;
2026-01-11 22:49:13;ERROR;;;;;;;Erreur dans analyze_pairs_opportunity: name 'RATIO_WINDOW' is not defined;;
2026-01-11 22:49:17;ERROR;;;;;;;Erreur dans analyze_pairs_opportunity: Numba needs NumPy 2.2 or less. Got NumPy 2.3.;;
2026-01-11 22:49:17;ERROR;;;;;;;Erreur dans analyze_pairs_opportunity: name 'RATIO_WINDOW' is not defined;;
2026-01-11 22:49:21;ERROR;;;;;;;Erreur dans analyze_pairs_opportunity: name 'RATIO_WINDOW' is not defined;;
2026-01-11 22:49:28;ERROR;;;;;;;Erreur dans analyze_pairs_opportunity: name 'RATIO_WINDOW' is not defined;;
2026-01-11 22:49:32;ERROR;;;;;;;Erreur dans analyze_pairs_opportunity: Numba needs NumPy 2.2 or less. Got NumPy 2.3.;;
2026-01-11 22:49:32;ERROR;;;;;;;Erreur dans analyze_pairs_opportunity: name 'RATIO_WINDOW' is not defined;;
2026-01-11 22:49:36;ERROR;;;;;;;Erreur dans analyze_pairs_opportunity: name 'RATIO_WINDOW' is not defined;;
2026-01-11 22:49:43;ERROR;;;;;;;Erreur dans analyze_pairs_opportunity: name 'RATIO_WINDOW' is not defined;;
2026-01-11 22:49:47;ERROR;;;;;;;Erreur dans analyze_pairs_opportunity: Numba needs NumPy 2.2 or less. Got NumPy 2.3.;;
2026-01-11 22:49:47;ERROR;;;;;;;Erreur dans analyze_pairs_opportunity: name 'RATIO_WINDOW' is not defined;;
2026-01-11 22:49:51;ERROR;;;;;;;Erreur dans analyze_pairs_opportunity: name 'RATIO_WINDOW' is not defined;;
2026-01-11 22:49:58;ERROR;;;;;;;Erreur dans analyze_pairs_opportunity: name 'RATIO_WINDOW' is not defined;;
2026-01-11 22:50:02;ERROR;;;;;;;Erreur dans analyze_pairs_opportunity: Numba needs NumPy 2.2 or less. Got NumPy 2.3.;;
2026-01-11 22:50:03;ERROR;;;;;;;Erreur dans analyze_pairs_opportunity: name 'RATIO_WINDOW' is not defined;;
2026-01-11 22:50:06;ERROR;;;;;;;Erreur dans analyze_pairs_opportunity: name 'RATIO_WINDOW' is not defined;;
2026-01-11 22:50:13;ERROR;;;;;;;Erreur dans analyze_pairs_opportunity: name 'RATIO_WINDOW' is not defined;;
2026-01-11 22:50:17;ERROR;;;;;;;Erreur dans analyze_pairs_opportunity: Numba needs NumPy 2.2 or less. Got NumPy 2.3.;;
2026-01-11 22:50:18;ERROR;;;;;;;Erreur dans analyze_pairs_opportunity: name 'RATIO_WINDOW' is not defined;;
2026-01-11 22:50:21;ERROR;;;;;;;Erreur dans analyze_pairs_opportunity: name 'RATIO_WINDOW' is not defined;;
2026-01-11 22:50:28;ERROR;;;;;;;Erreur dans analyze_pairs_opportunity: name 'RATIO_WINDOW' is not defined;;
2026-01-11 22:50:32;ERROR;;;;;;;Erreur dans analyze_pairs_opportunity: Numba needs NumPy 2.2 or less. Got NumPy 2.3.;;
2026-01-11 22:50:33;ERROR;;;;;;;Erreur dans analyze_pairs_opportunity: name 'RATIO_WINDOW' is not defined;;
2026-01-11 22:50:36;ERROR;;;;;;;Erreur dans analyze_pairs_opportunity: name 'RATIO_WINDOW' is not defined;;
2026-01-11 22:50:43;ERROR;;;;;;;Erreur dans analyze_pairs_opportunity: name 'RATIO_WINDOW' is not defined;;
2026-01-11 22:50:47;ERROR;;;;;;;Erreur dans analyze_pairs_opportunity: Numba needs NumPy 2.2 or less. Got NumPy 2.3.;;
2026-01-11 22:50:48;ERROR;;;;;;;Erreur dans analyze_pairs_opportunity: name 'RATIO_WINDOW' is not defined;;
2026-01-11 22:50:51;ERROR;;;;;;;Erreur dans analyze_pairs_opportunity: name 'RATIO_WINDOW' is not defined;;
2026-01-11 22:50:58;ERROR;;;;;;;Erreur dans analyze_pairs_opportunity: name 'RATIO_WINDOW' is not defined;;
2026-01-11 22:51:02;ERROR;;;;;;;Erreur dans analyze_pairs_opportunity: Numba needs NumPy 2.2 or less. Got NumPy 2.3.;;
2026-01-11 22:51:03;ERROR;;;;;;;Erreur dans analyze_pairs_opportunity: name 'RATIO_WINDOW' is not defined;;
2026-01-11 22:51:07;ERROR;;;;;;;Erreur dans analyze_pairs_opportunity: name 'RATIO_WINDOW' is not defined;;
2026-01-11 22:51:13;ERROR;;;;;;;Erreur dans analyze_pairs_opportunity: name 'RATIO_WINDOW' is not defined;;
2026-01-11 22:51:17;ERROR;;;;;;;Erreur dans analyze_pairs_opportunity: Numba needs NumPy 2.2 or less. Got NumPy 2.3.;;
2026-01-11 22:51:18;ERROR;;;;;;;Erreur dans analyze_pairs_opportunity: name 'RATIO_WINDOW' is not defined;;
2026-01-11 22:51:22;ERROR;;;;;;;Erreur dans analyze_pairs_opportunity: name 'RATIO_WINDOW' is not defined;;
2026-01-11 22:51:29;ERROR;;;;;;;Erreur dans analyze_pairs_opportunity: name 'RATIO_WINDOW' is not defined;;
2026-01-11 22:51:33;ERROR;;;;;;;Erreur dans analyze_pairs_opportunity: name 'RATIO_WINDOW' is not defined;;
2026-01-11 22:51:33;ERROR;;;;;;;Erreur dans analyze_pairs_opportunity: Numba needs NumPy 2.2 or less. Got NumPy 2.3.;;
2026-01-11 22:51:37;ERROR;;;;;;;Erreur dans analyze_pairs_opportunity: name 'RATIO_WINDOW' is not defined;;
2026-01-11 22:51:44;ERROR;;;;;;;Erreur dans analyze_pairs_opportunity: name 'RATIO_WINDOW' is not defined;;
2026-01-11 22:51:48;ERROR;;;;;;;Erreur dans analyze_pairs_opportunity: name 'RATIO_WINDOW' is not defined;;
2026-01-11 22:51:48;ERROR;;;;;;;Erreur dans analyze_pairs_opportunity: Numba needs NumPy 2.2 or less. Got NumPy 2.3.;;
2026-01-11 22:51:52;ERROR;;;;;;;Erreur dans analyze_pairs_opportunity: name 'RATIO_WINDOW' is not defined;;
2026-01-11 22:51:59;ERROR;;;;;;;Erreur dans analyze_pairs_opportunity: name 'RATIO_WINDOW' is not defined;;
2026-01-11 22:52:03;ERROR;;;;;;;Erreur dans analyze_pairs_opportunity: name 'RATIO_WINDOW' is not defined;;
2026-01-11 22:52:03;ERROR;;;;;;;Erreur dans analyze_pairs_opportunity: Numba needs NumPy 2.2 or less. Got NumPy 2.3.;;
2026-01-11 22:52:07;ERROR;;;;;;;Erreur dans analyze_pairs_opportunity: name 'RATIO_WINDOW' is not defined;;
2026-01-11 22:52:14;ERROR;;;;;;;Erreur dans analyze_pairs_opportunity: name 'RATIO_WINDOW' is not defined;;
2026-01-11 22:52:18;ERROR;;;;;;;Erreur dans analyze_pairs_opportunity: name 'RATIO_WINDOW' is not defined;;
2026-01-11 22:52:18;ERROR;;;;;;;Erreur dans analyze_pairs_opportunity: Numba needs NumPy 2.2 or less. Got NumPy 2.3.;;
2026-01-11 22:52:23;ERROR;;;;;;;Erreur dans analyze_pairs_opportunity: name 'RATIO_WINDOW' is not defined;;
2026-01-11 22:52:30;ERROR;;;;;;;Erreur dans analyze_pairs_opportunity: name 'RATIO_WINDOW' is not defined;;
2026-01-11 22:52:33;ERROR;;;;;;;Erreur dans analyze_pairs_opportunity: name 'RATIO_WINDOW' is not defined;;
2026-01-11 22:52:34;ERROR;;;;;;;Erreur dans analyze_pairs_opportunity: Numba needs NumPy 2.2 or less. Got NumPy 2.3.;;
2026-01-11 22:52:38;ERROR;;;;;;;Erreur dans analyze_pairs_opportunity: name 'RATIO_WINDOW' is not defined;;
2026-01-11 22:52:45;ERROR;;;;;;;Erreur dans analyze_pairs_opportunity: name 'RATIO_WINDOW' is not defined;;
2026-01-11 22:52:48;ERROR;;;;;;;Erreur dans analyze_pairs_opportunity: name 'RATIO_WINDOW' is not defined;;
2026-01-11 22:52:49;ERROR;;;;;;;Erreur dans analyze_pairs_opportunity: Numba needs NumPy 2.2 or less. Got NumPy 2.3.;;
2026-01-11 22:52:53;ERROR;;;;;;;Erreur dans analyze_pairs_opportunity: name 'RATIO_WINDOW' is not defined;;
2026-01-11 22:53:00;ERROR;;;;;;;Erreur dans analyze_pairs_opportunity: name 'RATIO_WINDOW' is not defined;;
2026-01-11 22:53:03;ERROR;;;;;;;Erreur dans analyze_pairs_opportunity: name 'RATIO_WINDOW' is not defined;;
2026-01-11 22:53:04;ERROR;;;;;;;Erreur dans analyze_pairs_opportunity: Numba needs NumPy 2.2 or less. Got NumPy 2.3.;;
2026-01-11 22:53:08;ERROR;;;;;;;Erreur dans analyze_pairs_opportunity: name 'RATIO_WINDOW' is not defined;;
2026-01-11 22:53:15;ERROR;;;;;;;Erreur dans analyze_pairs_opportunity: name 'RATIO_WINDOW' is not defined;;
2026-01-11 22:53:18;ERROR;;;;;;;Erreur dans analyze_pairs_opportunity: name 'RATIO_WINDOW' is not defined;;
2026-01-11 22:53:19;ERROR;;;;;;;Erreur dans analyze_pairs_opportunity: Numba needs NumPy 2.2 or less. Got NumPy 2.3.;;
2026-01-11 22:53:23;ERROR;;;;;;;Erreur dans analyze_pairs_opportunity: name 'RATIO_WINDOW' is not defined;;
2026-01-11 22:53:30;ERROR;;;;;;;Erreur dans analyze_pairs_opportunity: name 'RATIO_WINDOW' is not defined;;
2026-01-11 22:53:33;ERROR;;;;;;;Erreur dans analyze_pairs_opportunity: name 'RATIO_WINDOW' is not defined;;
2026-01-11 22:53:34;ERROR;;;;;;;Erreur dans analyze_pairs_opportunity: Numba needs NumPy 2.2 or less. Got NumPy 2.3.;;
2026-01-11 22:53:38;ERROR;;;;;;;Erreur dans analyze_pairs_opportunity: name 'RATIO_WINDOW' is not defined;;
2026-01-11 22:53:45;ERROR;;;;;;;Erreur dans analyze_pairs_opportunity: name 'RATIO_WINDOW' is not defined;;
2026-01-11 22:53:48;ERROR;;;;;;;Erreur dans analyze_pairs_opportunity: name 'RATIO_WINDOW' is not defined;;
2026-01-11 22:53:49;ERROR;;;;;;;Erreur dans analyze_pairs_opportunity: Numba needs NumPy 2.2 or less. Got NumPy 2.3.;;
2026-01-11 22:53:53;ERROR;;;;;;;Erreur dans analyze_pairs_opportunity: name 'RATIO_WINDOW' is not defined;;
2026-01-11 22:54:00;ERROR;;;;;;;Erreur dans analyze_pairs_opportunity: name 'RATIO_WINDOW' is not defined;;
2026-01-11 22:54:03;ERROR;;;;;;;Erreur dans analyze_pairs_opportunity: name 'RATIO_WINDOW' is not defined;;
2026-01-11 22:54:04;ERROR;;;;;;;Erreur dans analyze_pairs_opportunity: Numba needs NumPy 2.2 or less. Got NumPy 2.3.;;
2026-01-11 22:54:08;ERROR;;;;;;;Erreur dans analyze_pairs_opportunity: name 'RATIO_WINDOW' is not defined;;
2026-01-11 22:54:14;INFO;;;;;;;Connecté au compte MT5: 101181033;;
2026-01-11 22:54:14;INFO;;;;;;;Compte: 101181033, Balance: 10000.0, Equity: 10000.0;10000.0;10000.0
2026-01-11 22:54:14;INFO;;;;;;;Session démarrée: 20260111_225414;;
2026-01-11 22:54:15;ERROR;;;;;;;Erreur dans analyze_pairs_opportunity: name 'RATIO_WINDOW' is not defined;;
2026-01-11 22:54:19;ERROR;;;;;;;Erreur dans analyze_pairs_opportunity: name 'RATIO_WINDOW' is not defined;;
2026-01-11 22:54:19;ERROR;;;;;;;Erreur dans analyze_pairs_opportunity: Numba needs NumPy 2.2 or less. Got NumPy 2.3.;;
2026-01-11 22:54:23;ERROR;;;;;;;Erreur dans analyze_pairs_opportunity: name 'RATIO_WINDOW' is not defined;;
2026-01-11 22:54:30;ERROR;;;;;;;Erreur dans analyze_pairs_opportunity: name 'RATIO_WINDOW' is not defined;;
2026-01-11 22:54:34;ERROR;;;;;;;Erreur dans analyze_pairs_opportunity: name 'RATIO_WINDOW' is not defined;;
2026-01-11 22:54:34;ERROR;;;;;;;Erreur dans analyze_pairs_opportunity: Numba needs NumPy 2.2 or less. Got NumPy 2.3.;;
2026-01-11 22:54:38;ERROR;;;;;;;Erreur dans analyze_pairs_opportunity: name 'RATIO_WINDOW' is not defined;;
2026-01-11 22:54:45;ERROR;;;;;;;Erreur dans analyze_pairs_opportunity: name 'RATIO_WINDOW' is not defined;;
2026-01-11 22:54:49;ERROR;;;;;;;Erreur dans analyze_pairs_opportunity: name 'RATIO_WINDOW' is not defined;;
2026-01-11 22:54:49;ERROR;;;;;;;Erreur dans analyze_pairs_opportunity: Numba needs NumPy 2.2 or less. Got NumPy 2.3.;;
2026-01-11 22:54:53;ERROR;;;;;;;Erreur dans analyze_pairs_opportunity: name 'RATIO_WINDOW' is not defined;;
2026-01-11 22:55:00;ERROR;;;;;;;Erreur dans analyze_pairs_opportunity: name 'RATIO_WINDOW' is not defined;;
2026-01-11 22:55:04;ERROR;;;;;;;Erreur dans analyze_pairs_opportunity: name 'RATIO_WINDOW' is not defined;;
2026-01-11 22:55:04;ERROR;;;;;;;Erreur dans analyze_pairs_opportunity: Numba needs NumPy 2.2 or less. Got NumPy 2.3.;;
2026-01-11 22:55:08;ERROR;;;;;;;Erreur dans analyze_pairs_opportunity: name 'RATIO_WINDOW' is not defined;;
2026-01-11 22:55:15;ERROR;;;;;;;Erreur dans analyze_pairs_opportunity: name 'RATIO_WINDOW' is not defined;;
2026-01-11 22:55:19;ERROR;;;;;;;Erreur dans analyze_pairs_opportunity: name 'RATIO_WINDOW' is not defined;;
2026-01-11 22:55:19;ERROR;;;;;;;Erreur dans analyze_pairs_opportunity: Numba needs NumPy 2.2 or less. Got NumPy 2.3.;;
2026-01-11 22:55:23;ERROR;;;;;;;Erreur dans analyze_pairs_opportunity: name 'RATIO_WINDOW' is not defined;;
2026-01-11 22:55:30;ERROR;;;;;;;Erreur dans analyze_pairs_opportunity: name 'RATIO_WINDOW' is not defined;;
2026-01-11 22:55:34;ERROR;;;;;;;Erreur dans analyze_pairs_opportunity: name 'RATIO_WINDOW' is not defined;;
2026-01-11 22:55:34;ERROR;;;;;;;Erreur dans analyze_pairs_opportunity: Numba needs NumPy 2.2 or less. Got NumPy 2.3.;;
2026-01-11 22:55:38;ERROR;;;;;;;Erreur dans analyze_pairs_opportunity: name 'RATIO_WINDOW' is not defined;;
2026-01-11 22:55:45;ERROR;;;;;;;Erreur dans analyze_pairs_opportunity: name 'RATIO_WINDOW' is not defined;;
2026-01-11 22:55:49;ERROR;;;;;;;Erreur dans analyze_pairs_opportunity: name 'RATIO_WINDOW' is not defined;;
2026-01-11 22:55:49;ERROR;;;;;;;Erreur dans analyze_pairs_opportunity: Numba needs NumPy 2.2 or less. Got NumPy 2.3.;;
2026-01-11 22:55:53;ERROR;;;;;;;Erreur dans analyze_pairs_opportunity: name 'RATIO_WINDOW' is not defined;;
2026-01-11 22:56:00;ERROR;;;;;;;Erreur dans analyze_pairs_opportunity: name 'RATIO_WINDOW' is not defined;;
2026-01-11 22:56:04;ERROR;;;;;;;Erreur dans analyze_pairs_opportunity: name 'RATIO_WINDOW' is not defined;;
2026-01-11 22:56:04;ERROR;;;;;;;Erreur dans analyze_pairs_opportunity: Numba needs NumPy 2.2 or less. Got NumPy 2.3.;;
2026-01-11 22:56:06;INFO;;;;;;;Arrêt du bot demandé par l'utilisateur;;
2026-01-11 22:56:08;ERROR;;;;;;;Erreur dans analyze_pairs_opportunity: name 'RATIO_WINDOW' is not defined;;
2026-01-11 22:56:15;ERROR;;;;;;;Erreur dans analyze_pairs_opportunity: name 'RATIO_WINDOW' is not defined;;
2026-01-11 22:56:16;INFO;;;;;;;Déconnecté de MT5;;
2026-01-11 22:56:16;INFO;;;;;;;Bot arrêté;;
2026-01-11 22:56:19;ERROR;;;;;;;Erreur dans analyze_pairs_opportunity: name 'RATIO_WINDOW' is not defined;;
2026-01-11 22:56:19;ERROR;;;;;;;Erreur dans analyze_pairs_opportunity: Numba needs NumPy 2.2 or less. Got NumPy 2.3.;;
2026-01-11 22:56:23;ERROR;;;;;;;Erreur dans analyze_pairs_opportunity: name 'RATIO_WINDOW' is not defined;;
2026-01-11 22:56:25;INFO;;;;;;;Connecté au compte MT5: 101181033;;
2026-01-11 22:56:25;INFO;;;;;;;Compte: 101181033, Balance: 10000.0, Equity: 10000.0;10000.0;10000.0
2026-01-11 22:56:26;INFO;;;;;;;Session démarrée: 20260111_225626;;
2026-01-11 22:56:30;ERROR;;;;;;;Erreur dans analyze_pairs_opportunity: name 'RATIO_WINDOW' is not defined;;
2026-01-11 22:56:34;ERROR;;;;;;;Erreur dans analyze_pairs_opportunity: name 'RATIO_WINDOW' is not defined;;
2026-01-11 22:56:34;ERROR;;;;;;;Erreur dans analyze_pairs_opportunity: Numba needs NumPy 2.2 or less. Got NumPy 2.3.;;
2026-01-11 22:56:38;ERROR;;;;;;;Erreur dans analyze_pairs_opportunity: name 'RATIO_WINDOW' is not defined;;
2026-01-11 22:56:45;ERROR;;;;;;;Erreur dans analyze_pairs_opportunity: name 'RATIO_WINDOW' is not defined;;
2026-01-11 22:56:49;ERROR;;;;;;;Erreur dans analyze_pairs_opportunity: name 'RATIO_WINDOW' is not defined;;
2026-01-11 22:56:49;ERROR;;;;;;;Erreur dans analyze_pairs_opportunity: Numba needs NumPy 2.2 or less. Got NumPy 2.3.;;
2026-01-11 22:56:53;ERROR;;;;;;;Erreur dans analyze_pairs_opportunity: name 'RATIO_WINDOW' is not defined;;
2026-01-11 22:57:00;ERROR;;;;;;;Erreur dans analyze_pairs_opportunity: name 'RATIO_WINDOW' is not defined;;
2026-01-11 22:57:04;ERROR;;;;;;;Erreur dans analyze_pairs_opportunity: name 'RATIO_WINDOW' is not defined;;
2026-01-11 22:57:04;ERROR;;;;;;;Erreur dans analyze_pairs_opportunity: Numba needs NumPy 2.2 or less. Got NumPy 2.3.;;
2026-01-11 22:57:08;ERROR;;;;;;;Erreur dans analyze_pairs_opportunity: name 'RATIO_WINDOW' is not defined;;
2026-01-11 22:57:15;ERROR;;;;;;;Erreur dans analyze_pairs_opportunity: name 'RATIO_WINDOW' is not defined;;
2026-01-11 22:57:19;ERROR;;;;;;;Erreur dans analyze_pairs_opportunity: name 'RATIO_WINDOW' is not defined;;
2026-01-11 22:57:19;ERROR;;;;;;;Erreur dans analyze_pairs_opportunity: Numba needs NumPy 2.2 or less. Got NumPy 2.3.;;
2026-01-11 22:57:23;ERROR;;;;;;;Erreur dans analyze_pairs_opportunity: name 'RATIO_WINDOW' is not defined;;
2026-01-11 22:57:30;ERROR;;;;;;;Erreur dans analyze_pairs_opportunity: name 'RATIO_WINDOW' is not defined;;
2026-01-11 22:57:34;ERROR;;;;;;;Erreur dans analyze_pairs_opportunity: name 'RATIO_WINDOW' is not defined;;
2026-01-11 22:57:34;ERROR;;;;;;;Erreur dans analyze_pairs_opportunity: Numba needs NumPy 2.2 or less. Got NumPy 2.3.;;
2026-01-11 22:57:38;ERROR;;;;;;;Erreur dans analyze_pairs_opportunity: name 'RATIO_WINDOW' is not defined;;
2026-01-11 22:57:45;ERROR;;;;;;;Erreur dans analyze_pairs_opportunity: name 'RATIO_WINDOW' is not defined;;
2026-01-11 22:57:49;ERROR;;;;;;;Erreur dans analyze_pairs_opportunity: name 'RATIO_WINDOW' is not defined;;
2026-01-11 22:57:49;ERROR;;;;;;;Erreur dans analyze_pairs_opportunity: Numba needs NumPy 2.2 or less. Got NumPy 2.3.;;
2026-01-11 22:57:53;ERROR;;;;;;;Erreur dans analyze_pairs_opportunity: name 'RATIO_WINDOW' is not defined;;
2026-01-11 22:58:00;ERROR;;;;;;;Erreur dans analyze_pairs_opportunity: name 'RATIO_WINDOW' is not defined;;
2026-01-11 22:58:04;ERROR;;;;;;;Erreur dans analyze_pairs_opportunity: name 'RATIO_WINDOW' is not defined;;
2026-01-11 22:58:04;ERROR;;;;;;;Erreur dans analyze_pairs_opportunity: Numba needs NumPy 2.2 or less. Got NumPy 2.3.;;
2026-01-11 22:58:08;ERROR;;;;;;;Erreur dans analyze_pairs_opportunity: name 'RATIO_WINDOW' is not defined;;
2026-01-11 22:58:15;ERROR;;;;;;;Erreur dans analyze_pairs_opportunity: name 'RATIO_WINDOW' is not defined;;
2026-01-11 22:58:19;ERROR;;;;;;;Erreur dans analyze_pairs_opportunity: name 'RATIO_WINDOW' is not defined;;
2026-01-11 22:58:19;ERROR;;;;;;;Erreur dans analyze_pairs_opportunity: Numba needs NumPy 2.2 or less. Got NumPy 2.3.;;
2026-01-11 22:58:23;ERROR;;;;;;;Erreur dans analyze_pairs_opportunity: name 'RATIO_WINDOW' is not defined;;
2026-01-11 22:58:30;ERROR;;;;;;;Erreur dans analyze_pairs_opportunity: name 'RATIO_WINDOW' is not defined;;
2026-01-11 22:58:34;ERROR;;;;;;;Erreur dans analyze_pairs_opportunity: name 'RATIO_WINDOW' is not defined;;
2026-01-11 22:58:34;ERROR;;;;;;;Erreur dans analyze_pairs_opportunity: Numba needs NumPy 2.2 or less. Got NumPy 2.3.;;
2026-01-11 22:58:38;ERROR;;;;;;;Erreur dans analyze_pairs_opportunity: name 'RATIO_WINDOW' is not defined;;
2026-01-11 22:58:45;ERROR;;;;;;;Erreur dans analyze_pairs_opportunity: name 'RATIO_WINDOW' is not defined;;
2026-01-11 22:58:49;ERROR;;;;;;;Erreur dans analyze_pairs_opportunity: name 'RATIO_WINDOW' is not defined;;
2026-01-11 22:58:49;ERROR;;;;;;;Erreur dans analyze_pairs_opportunity: Numba needs NumPy 2.2 or less. Got NumPy 2.3.;;
2026-01-11 22:58:53;ERROR;;;;;;;Erreur dans analyze_pairs_opportunity: name 'RATIO_WINDOW' is not defined;;
2026-01-11 22:59:00;ERROR;;;;;;;Erreur dans analyze_pairs_opportunity: name 'RATIO_WINDOW' is not defined;;
2026-01-11 22:59:04;ERROR;;;;;;;Erreur dans analyze_pairs_opportunity: name 'RATIO_WINDOW' is not defined;;
2026-01-11 22:59:04;ERROR;;;;;;;Erreur dans analyze_pairs_opportunity: Numba needs NumPy 2.2 or less. Got NumPy 2.3.;;
2026-01-11 22:59:08;ERROR;;;;;;;Erreur dans analyze_pairs_opportunity: name 'RATIO_WINDOW' is not defined;;
2026-01-11 22:59:15;ERROR;;;;;;;Erreur dans analyze_pairs_opportunity: name 'RATIO_WINDOW' is not defined;;
2026-01-11 22:59:19;ERROR;;;;;;;Erreur dans analyze_pairs_opportunity: name 'RATIO_WINDOW' is not defined;;
2026-01-11 22:59:19;ERROR;;;;;;;Erreur dans analyze_pairs_opportunity: Numba needs NumPy 2.2 or less. Got NumPy 2.3.;;
2026-01-11 22:59:23;ERROR;;;;;;;Erreur dans analyze_pairs_opportunity: name 'RATIO_WINDOW' is not defined;;
2026-01-11 22:59:30;ERROR;;;;;;;Erreur dans analyze_pairs_opportunity: name 'RATIO_WINDOW' is not defined;;
2026-01-11 22:59:34;ERROR;;;;;;;Erreur dans analyze_pairs_opportunity: name 'RATIO_WINDOW' is not defined;;
2026-01-11 22:59:34;ERROR;;;;;;;Erreur dans analyze_pairs_opportunity: Numba needs NumPy 2.2 or less. Got NumPy 2.3.;;
2026-01-11 22:59:38;ERROR;;;;;;;Erreur dans analyze_pairs_opportunity: name 'RATIO_WINDOW' is not defined;;
2026-01-11 22:59:45;ERROR;;;;;;;Erreur dans analyze_pairs_opportunity: name 'RATIO_WINDOW' is not defined;;
2026-01-11 22:59:49;ERROR;;;;;;;Erreur dans analyze_pairs_opportunity: name 'RATIO_WINDOW' is not defined;;
2026-01-11 22:59:49;ERROR;;;;;;;Erreur dans analyze_pairs_opportunity: Numba needs NumPy 2.2 or less. Got NumPy 2.3.;;
2026-01-11 22:59:53;ERROR;;;;;;;Erreur dans analyze_pairs_opportunity: name 'RATIO_WINDOW' is not defined;;
2026-01-11 23:00:00;ERROR;;;;;;;Erreur dans analyze_pairs_opportunity: name 'RATIO_WINDOW' is not defined;;
2026-01-11 23:00:04;ERROR;;;;;;;Erreur dans analyze_pairs_opportunity: name 'RATIO_WINDOW' is not defined;;
2026-01-11 23:00:04;ERROR;;;;;;;Erreur dans analyze_pairs_opportunity: Numba needs NumPy 2.2 or less. Got NumPy 2.3.;;
2026-01-11 23:00:08;ERROR;;;;;;;Erreur dans analyze_pairs_opportunity: name 'RATIO_WINDOW' is not defined;;
2026-01-11 23:00:15;ERROR;;;;;;;Erreur dans analyze_pairs_opportunity: name 'RATIO_WINDOW' is not defined;;
2026-01-12 02:17:51;ERROR;;;;;;;Erreur dans analyze_pairs_opportunity: name 'RATIO_WINDOW' is not defined;;
2026-01-12 02:17:51;ERROR;;;;;;;Erreur dans analyze_pairs_opportunity: name 'RATIO_WINDOW' is not defined;;
2026-01-12 02:17:51;ERROR;;;;;;;Erreur dans analyze_pairs_opportunity: name 'RATIO_WINDOW' is not defined;;
2026-01-12 02:17:51;ERROR;;;;;;;Erreur dans analyze_pairs_opportunity: Numba needs NumPy 2.2 or less. Got NumPy 2.3.;;
2026-01-12 09:38:03;ERROR;;;;;;;Erreur dans analyze_pairs_opportunity: name 'RATIO_WINDOW' is not defined;;
2026-01-12 09:38:04;ERROR;;;;;;;Erreur dans analyze_pairs_opportunity: name 'RATIO_WINDOW' is not defined;;
2026-01-12 09:38:04;ERROR;;;;;;;Erreur dans analyze_pairs_opportunity: name 'RATIO_WINDOW' is not defined;;
2026-01-12 09:38:04;ERROR;;;;;;;Erreur dans analyze_pairs_opportunity: Numba needs NumPy 2.2 or less. Got NumPy 2.3.;;
2026-01-12 09:38:07;INFO;;;;;;;Arrêt du bot demandé par l'utilisateur;;
2026-01-12 09:38:19;ERROR;;;;;;;Erreur dans analyze_pairs_opportunity: name 'RATIO_WINDOW' is not defined;;
2026-01-12 09:38:19;ERROR;;;;;;;Erreur dans analyze_pairs_opportunity: name 'RATIO_WINDOW' is not defined;;
2026-01-12 09:38:19;ERROR;;;;;;;Erreur dans analyze_pairs_opportunity: name 'RATIO_WINDOW' is not defined;;
2026-01-12 09:38:19;ERROR;;;;;;;Erreur dans analyze_pairs_opportunity: Numba needs NumPy 2.2 or less. Got NumPy 2.3.;;
2026-01-12 09:38:22;INFO;;;;;;;Déconnecté de MT5;;
2026-01-12 09:38:22;INFO;;;;;;;Bot arrêté;;
2026-01-12 09:38:29;INFO;;;;;;;Connecté au compte MT5: 101181033;;
2026-01-12 09:38:29;INFO;;;;;;;Compte: 101181033, Balance: 10000.0, Equity: 10000.0;10000.0;10000.0
2026-01-12 09:38:30;INFO;;;;;;;Session démarrée: 20260112_093830;;
2026-01-12 09:38:34;ERROR;;;;;;;Erreur dans analyze_pairs_opportunity: name 'RATIO_WINDOW' is not defined;;
2026-01-12 09:38:34;ERROR;;;;;;;Erreur dans analyze_pairs_opportunity: name 'RATIO_WINDOW' is not defined;;
2026-01-12 09:38:34;ERROR;;;;;;;Erreur dans analyze_pairs_opportunity: name 'RATIO_WINDOW' is not defined;;
2026-01-12 09:38:34;ERROR;;;;;;;Erreur dans analyze_pairs_opportunity: Numba needs NumPy 2.2 or less. Got NumPy 2.3.;;
2026-01-12 09:38:49;ERROR;;;;;;;Erreur dans analyze_pairs_opportunity: name 'RATIO_WINDOW' is not defined;;
2026-01-12 09:38:49;ERROR;;;;;;;Erreur dans analyze_pairs_opportunity: name 'RATIO_WINDOW' is not defined;;
2026-01-12 09:38:49;ERROR;;;;;;;Erreur dans analyze_pairs_opportunity: name 'RATIO_WINDOW' is not defined;;
2026-01-12 09:38:49;ERROR;;;;;;;Erreur dans analyze_pairs_opportunity: Numba needs NumPy 2.2 or less. Got NumPy 2.3.;;
2026-01-12 09:39:04;ERROR;;;;;;;Erreur dans analyze_pairs_opportunity: name 'RATIO_WINDOW' is not defined;;
2026-01-12 09:39:04;ERROR;;;;;;;Erreur dans analyze_pairs_opportunity: name 'RATIO_WINDOW' is not defined;;
2026-01-12 09:39:04;ERROR;;;;;;;Erreur dans analyze_pairs_opportunity: name 'RATIO_WINDOW' is not defined;;
2026-01-12 09:39:04;ERROR;;;;;;;Erreur dans analyze_pairs_opportunity: Numba needs NumPy 2.2 or less. Got NumPy 2.3.;;
2026-01-12 09:39:19;ERROR;;;;;;;Erreur dans analyze_pairs_opportunity: name 'RATIO_WINDOW' is not defined;;
2026-01-12 09:39:19;ERROR;;;;;;;Erreur dans analyze_pairs_opportunity: name 'RATIO_WINDOW' is not defined;;
2026-01-12 09:39:19;ERROR;;;;;;;Erreur dans analyze_pairs_opportunity: name 'RATIO_WINDOW' is not defined;;
2026-01-12 09:39:19;ERROR;;;;;;;Erreur dans analyze_pairs_opportunity: Numba needs NumPy 2.2 or less. Got NumPy 2.3.;;
2026-01-12 09:39:34;ERROR;;;;;;;Erreur dans analyze_pairs_opportunity: name 'RATIO_WINDOW' is not defined;;
2026-01-12 09:39:34;ERROR;;;;;;;Erreur dans analyze_pairs_opportunity: name 'RATIO_WINDOW' is not defined;;
2026-01-12 09:39:34;ERROR;;;;;;;Erreur dans analyze_pairs_opportunity: name 'RATIO_WINDOW' is not defined;;
2026-01-12 09:39:34;ERROR;;;;;;;Erreur dans analyze_pairs_opportunity: Numba needs NumPy 2.2 or less. Got NumPy 2.3.;;
2026-01-12 09:39:49;ERROR;;;;;;;Erreur dans analyze_pairs_opportunity: name 'RATIO_WINDOW' is not defined;;
2026-01-12 09:39:49;ERROR;;;;;;;Erreur dans analyze_pairs_opportunity: name 'RATIO_WINDOW' is not defined;;
2026-01-12 09:39:49;ERROR;;;;;;;Erreur dans analyze_pairs_opportunity: name 'RATIO_WINDOW' is not defined;;
2026-01-12 09:39:49;ERROR;;;;;;;Erreur dans analyze_pairs_opportunity: Numba needs NumPy 2.2 or less. Got NumPy 2.3.;;
2026-01-12 09:40:04;ERROR;;;;;;;Erreur dans analyze_pairs_opportunity: name 'RATIO_WINDOW' is not defined;;
2026-01-12 09:40:04;ERROR;;;;;;;Erreur dans analyze_pairs_opportunity: name 'RATIO_WINDOW' is not defined;;
2026-01-12 09:40:04;ERROR;;;;;;;Erreur dans analyze_pairs_opportunity: name 'RATIO_WINDOW' is not defined;;
2026-01-12 09:40:04;ERROR;;;;;;;Erreur dans analyze_pairs_opportunity: Numba needs NumPy 2.2 or less. Got NumPy 2.3.;;
2026-01-12 09:40:19;ERROR;;;;;;;Erreur dans analyze_pairs_opportunity: name 'RATIO_WINDOW' is not defined;;
2026-01-12 09:40:19;ERROR;;;;;;;Erreur dans analyze_pairs_opportunity: name 'RATIO_WINDOW' is not defined;;
2026-01-12 09:40:19;ERROR;;;;;;;Erreur dans analyze_pairs_opportunity: name 'RATIO_WINDOW' is not defined;;
2026-01-12 09:40:19;ERROR;;;;;;;Erreur dans analyze_pairs_opportunity: Numba needs NumPy 2.2 or less. Got NumPy 2.3.;;
2026-01-12 09:40:34;ERROR;;;;;;;Erreur dans analyze_pairs_opportunity: name 'RATIO_WINDOW' is not defined;;
2026-01-12 09:40:34;ERROR;;;;;;;Erreur dans analyze_pairs_opportunity: name 'RATIO_WINDOW' is not defined;;
2026-01-12 09:40:34;ERROR;;;;;;;Erreur dans analyze_pairs_opportunity: name 'RATIO_WINDOW' is not defined;;
2026-01-12 09:40:34;ERROR;;;;;;;Erreur dans analyze_pairs_opportunity: Numba needs NumPy 2.2 or less. Got NumPy 2.3.;;
2026-01-12 09:40:49;ERROR;;;;;;;Erreur dans analyze_pairs_opportunity: name 'RATIO_WINDOW' is not defined;;
2026-01-12 09:40:49;ERROR;;;;;;;Erreur dans analyze_pairs_opportunity: name 'RATIO_WINDOW' is not defined;;
2026-01-12 09:40:49;ERROR;;;;;;;Erreur dans analyze_pairs_opportunity: name 'RATIO_WINDOW' is not defined;;
2026-01-12 09:40:49;ERROR;;;;;;;Erreur dans analyze_pairs_opportunity: Numba needs NumPy 2.2 or less. Got NumPy 2.3.;;
2026-01-12 09:41:01;INFO;;;;;;;Arrêt du bot demandé par l'utilisateur;;
2026-01-12 09:41:01;INFO;;;;;;;Déconnecté de MT5;;
2026-01-12 09:41:01;INFO;;;;;;;Bot arrêté;;
2026-01-12 09:41:04;ERROR;;;;;;;Erreur dans analyze_pairs_opportunity: name 'RATIO_WINDOW' is not defined;;
2026-01-12 09:41:04;ERROR;;;;;;;Erreur dans analyze_pairs_opportunity: name 'RATIO_WINDOW' is not defined;;
2026-01-12 09:41:04;ERROR;;;;;;;Erreur dans analyze_pairs_opportunity: name 'RATIO_WINDOW' is not defined;;
2026-01-12 09:41:04;ERROR;;;;;;;Erreur dans analyze_pairs_opportunity: Numba needs NumPy 2.2 or less. Got NumPy 2.3.;;
2026-01-12 09:41:19;ERROR;;;;;;;Erreur dans analyze_pairs_opportunity: name 'RATIO_WINDOW' is not defined;;
2026-01-12 09:41:19;ERROR;;;;;;;Erreur dans analyze_pairs_opportunity: name 'RATIO_WINDOW' is not defined;;
2026-01-12 09:41:19;ERROR;;;;;;;Erreur dans analyze_pairs_opportunity: name 'RATIO_WINDOW' is not defined;;
2026-01-12 09:41:20;ERROR;;;;;;;Erreur dans analyze_pairs_opportunity: Numba needs NumPy 2.2 or less. Got NumPy 2.3.;;
2026-01-12 09:41:34;ERROR;;;;;;;Erreur dans analyze_pairs_opportunity: name 'RATIO_WINDOW' is not defined;;
2026-01-12 09:41:34;ERROR;;;;;;;Erreur dans analyze_pairs_opportunity: name 'RATIO_WINDOW' is not defined;;
2026-01-12 09:41:34;ERROR;;;;;;;Erreur dans analyze_pairs_opportunity: name 'RATIO_WINDOW' is not defined;;
2026-01-12 09:41:35;ERROR;;;;;;;Erreur dans analyze_pairs_opportunity: Numba needs NumPy 2.2 or less. Got NumPy 2.3.;;
2026-01-12 09:41:49;ERROR;;;;;;;Erreur dans analyze_pairs_opportunity: name 'RATIO_WINDOW' is not defined;;
2026-01-12 09:41:49;ERROR;;;;;;;Erreur dans analyze_pairs_opportunity: name 'RATIO_WINDOW' is not defined;;
2026-01-12 09:41:49;ERROR;;;;;;;Erreur dans analyze_pairs_opportunity: name 'RATIO_WINDOW' is not defined;;
2026-01-12 09:41:50;ERROR;;;;;;;Erreur dans analyze_pairs_opportunity: Numba needs NumPy 2.2 or less. Got NumPy 2.3.;;
2026-01-12 09:42:04;ERROR;;;;;;;Erreur dans analyze_pairs_opportunity: name 'RATIO_WINDOW' is not defined;;
2026-01-12 09:42:04;ERROR;;;;;;;Erreur dans analyze_pairs_opportunity: name 'RATIO_WINDOW' is not defined;;
2026-01-12 09:42:04;ERROR;;;;;;;Erreur dans analyze_pairs_opportunity: name 'RATIO_WINDOW' is not defined;;
2026-01-12 09:42:05;ERROR;;;;;;;Erreur dans analyze_pairs_opportunity: Numba needs NumPy 2.2 or less. Got NumPy 2.3.;;
2026-01-12 09:42:19;ERROR;;;;;;;Erreur dans analyze_pairs_opportunity: name 'RATIO_WINDOW' is not defined;;
2026-01-12 09:42:19;ERROR;;;;;;;Erreur dans analyze_pairs_opportunity: name 'RATIO_WINDOW' is not defined;;
2026-01-12 09:42:19;ERROR;;;;;;;Erreur dans analyze_pairs_opportunity: name 'RATIO_WINDOW' is not defined;;
2026-01-12 09:42:20;ERROR;;;;;;;Erreur dans analyze_pairs_opportunity: Numba needs NumPy 2.2 or less. Got NumPy 2.3.;;
2026-01-12 09:42:26;INFO;;;;;;;Connecté au compte MT5: 101181033;;
2026-01-12 09:42:26;INFO;;;;;;;Compte: 101181033, Balance: 10000.0, Equity: 10000.0;10000.0;10000.0
2026-01-12 09:42:27;INFO;;;;;;;Session démarrée: 20260112_094227;;
2026-01-12 09:42:34;ERROR;;;;;;;Erreur dans analyze_pairs_opportunity: name 'RATIO_WINDOW' is not defined;;
2026-01-12 09:42:34;ERROR;;;;;;;Erreur dans analyze_pairs_opportunity: name 'RATIO_WINDOW' is not defined;;
2026-01-12 09:42:34;ERROR;;;;;;;Erreur dans analyze_pairs_opportunity: name 'RATIO_WINDOW' is not defined;;
2026-01-12 09:42:35;ERROR;;;;;;;Erreur dans analyze_pairs_opportunity: Numba needs NumPy 2.2 or less. Got NumPy 2.3.;;
2026-01-12 09:42:49;ERROR;;;;;;;Erreur dans analyze_pairs_opportunity: name 'RATIO_WINDOW' is not defined;;
2026-01-12 09:42:49;ERROR;;;;;;;Erreur dans analyze_pairs_opportunity: name 'RATIO_WINDOW' is not defined;;
2026-01-12 09:42:49;ERROR;;;;;;;Erreur dans analyze_pairs_opportunity: name 'RATIO_WINDOW' is not defined;;
2026-01-12 09:42:50;ERROR;;;;;;;Erreur dans analyze_pairs_opportunity: Numba needs NumPy 2.2 or less. Got NumPy 2.3.;;
2026-01-12 09:43:04;ERROR;;;;;;;Erreur dans analyze_pairs_opportunity: name 'RATIO_WINDOW' is not defined;;
2026-01-12 09:43:05;ERROR;;;;;;;Erreur dans analyze_pairs_opportunity: name 'RATIO_WINDOW' is not defined;;
2026-01-12 09:43:05;ERROR;;;;;;;Erreur dans analyze_pairs_opportunity: name 'RATIO_WINDOW' is not defined;;
2026-01-12 09:43:05;ERROR;;;;;;;Erreur dans analyze_pairs_opportunity: Numba needs NumPy 2.2 or less. Got NumPy 2.3.;;
2026-01-12 09:43:19;ERROR;;;;;;;Erreur dans analyze_pairs_opportunity: name 'RATIO_WINDOW' is not defined;;
2026-01-12 09:43:20;ERROR;;;;;;;Erreur dans analyze_pairs_opportunity: name 'RATIO_WINDOW' is not defined;;
2026-01-12 09:43:20;ERROR;;;;;;;Erreur dans analyze_pairs_opportunity: name 'RATIO_WINDOW' is not defined;;
2026-01-12 09:43:20;ERROR;;;;;;;Erreur dans analyze_pairs_opportunity: Numba needs NumPy 2.2 or less. Got NumPy 2.3.;;
2026-01-12 09:43:34;ERROR;;;;;;;Erreur dans analyze_pairs_opportunity: name 'RATIO_WINDOW' is not defined;;
2026-01-12 09:43:35;ERROR;;;;;;;Erreur dans analyze_pairs_opportunity: name 'RATIO_WINDOW' is not defined;;
2026-01-12 09:43:35;ERROR;;;;;;;Erreur dans analyze_pairs_opportunity: name 'RATIO_WINDOW' is not defined;;
2026-01-12 09:43:35;ERROR;;;;;;;Erreur dans analyze_pairs_opportunity: Numba needs NumPy 2.2 or less. Got NumPy 2.3.;;
2026-01-12 09:43:49;ERROR;;;;;;;Erreur dans analyze_pairs_opportunity: name 'RATIO_WINDOW' is not defined;;
2026-01-12 09:43:50;ERROR;;;;;;;Erreur dans analyze_pairs_opportunity: name 'RATIO_WINDOW' is not defined;;
2026-01-12 09:43:50;ERROR;;;;;;;Erreur dans analyze_pairs_opportunity: name 'RATIO_WINDOW' is not defined;;
2026-01-12 09:43:50;ERROR;;;;;;;Erreur dans analyze_pairs_opportunity: Numba needs NumPy 2.2 or less. Got NumPy 2.3.;;
2026-01-12 09:44:04;ERROR;;;;;;;Erreur dans analyze_pairs_opportunity: name 'RATIO_WINDOW' is not defined;;
2026-01-12 09:44:05;ERROR;;;;;;;Erreur dans analyze_pairs_opportunity: name 'RATIO_WINDOW' is not defined;;
2026-01-12 09:44:05;ERROR;;;;;;;Erreur dans analyze_pairs_opportunity: name 'RATIO_WINDOW' is not defined;;
2026-01-12 09:44:05;ERROR;;;;;;;Erreur dans analyze_pairs_opportunity: Numba needs NumPy 2.2 or less. Got NumPy 2.3.;;
2026-01-12 09:44:19;ERROR;;;;;;;Erreur dans analyze_pairs_opportunity: name 'RATIO_WINDOW' is not defined;;
2026-01-12 09:44:20;ERROR;;;;;;;Erreur dans analyze_pairs_opportunity: name 'RATIO_WINDOW' is not defined;;
2026-01-12 09:44:20;ERROR;;;;;;;Erreur dans analyze_pairs_opportunity: name 'RATIO_WINDOW' is not defined;;
2026-01-12 09:44:20;ERROR;;;;;;;Erreur dans analyze_pairs_opportunity: Numba needs NumPy 2.2 or less. Got NumPy 2.3.;;
2026-01-12 09:44:34;ERROR;;;;;;;Erreur dans analyze_pairs_opportunity: name 'RATIO_WINDOW' is not defined;;
2026-01-12 09:44:35;ERROR;;;;;;;Erreur dans analyze_pairs_opportunity: name 'RATIO_WINDOW' is not defined;;
2026-01-12 09:44:35;ERROR;;;;;;;Erreur dans analyze_pairs_opportunity: name 'RATIO_WINDOW' is not defined;;
2026-01-12 09:44:35;ERROR;;;;;;;Erreur dans analyze_pairs_opportunity: Numba needs NumPy 2.2 or less. Got NumPy 2.3.;;
2026-01-12 09:44:49;ERROR;;;;;;;Erreur dans analyze_pairs_opportunity: name 'RATIO_WINDOW' is not defined;;
2026-01-12 09:44:50;ERROR;;;;;;;Erreur dans analyze_pairs_opportunity: name 'RATIO_WINDOW' is not defined;;
2026-01-12 09:44:50;ERROR;;;;;;;Erreur dans analyze_pairs_opportunity: name 'RATIO_WINDOW' is not defined;;
2026-01-12 09:44:50;ERROR;;;;;;;Erreur dans analyze_pairs_opportunity: Numba needs NumPy 2.2 or less. Got NumPy 2.3.;;
2026-01-12 09:45:04;ERROR;;;;;;;Erreur dans analyze_pairs_opportunity: name 'RATIO_WINDOW' is not defined;;
2026-01-12 09:45:05;ERROR;;;;;;;Erreur dans analyze_pairs_opportunity: name 'RATIO_WINDOW' is not defined;;
2026-01-12 09:45:05;ERROR;;;;;;;Erreur dans analyze_pairs_opportunity: name 'RATIO_WINDOW' is not defined;;
2026-01-12 09:45:05;ERROR;;;;;;;Erreur dans analyze_pairs_opportunity: Numba needs NumPy 2.2 or less. Got NumPy 2.3.;;
2026-01-12 09:45:19;ERROR;;;;;;;Erreur dans analyze_pairs_opportunity: name 'RATIO_WINDOW' is not defined;;
2026-01-12 09:45:20;ERROR;;;;;;;Erreur dans analyze_pairs_opportunity: name 'RATIO_WINDOW' is not defined;;
2026-01-12 09:45:20;ERROR;;;;;;;Erreur dans analyze_pairs_opportunity: name 'RATIO_WINDOW' is not defined;;
2026-01-12 09:45:20;ERROR;;;;;;;Erreur dans analyze_pairs_opportunity: Numba needs NumPy 2.2 or less. Got NumPy 2.3.;;
2026-01-12 09:45:23;INFO;;;;;;;Arrêt du bot demandé par l'utilisateur;;
2026-01-12 09:45:28;INFO;;;;;;;Déconnecté de MT5;;
2026-01-12 09:45:28;INFO;;;;;;;Bot arrêté;;
2026-01-12 09:45:31;INFO;;;;;;;Connecté au compte MT5: 101181033;;
2026-01-12 09:45:31;INFO;;;;;;;Compte: 101181033, Balance: 10000.0, Equity: 10000.0;10000.0;10000.0
2026-01-12 09:45:31;INFO;;;;;;;Session démarrée: 20260112_094531;;
2026-01-12 09:45:34;ERROR;;;;;;;Erreur dans analyze_pairs_opportunity: name 'RATIO_WINDOW' is not defined;;
2026-01-12 09:45:35;ERROR;;;;;;;Erreur dans analyze_pairs_opportunity: name 'RATIO_WINDOW' is not defined;;
2026-01-12 09:45:35;ERROR;;;;;;;Erreur dans analyze_pairs_opportunity: name 'RATIO_WINDOW' is not defined;;
2026-01-12 09:45:35;ERROR;;;;;;;Erreur dans analyze_pairs_opportunity: Numba needs NumPy 2.2 or less. Got NumPy 2.3.;;
2026-01-12 09:45:49;ERROR;;;;;;;Erreur dans analyze_pairs_opportunity: name 'RATIO_WINDOW' is not defined;;
2026-01-12 09:45:50;ERROR;;;;;;;Erreur dans analyze_pairs_opportunity: name 'RATIO_WINDOW' is not defined;;
2026-01-12 09:45:50;ERROR;;;;;;;Erreur dans analyze_pairs_opportunity: name 'RATIO_WINDOW' is not defined;;
2026-01-12 09:45:50;ERROR;;;;;;;Erreur dans analyze_pairs_opportunity: Numba needs NumPy 2.2 or less. Got NumPy 2.3.;;
2026-01-12 09:46:04;ERROR;;;;;;;Erreur dans analyze_pairs_opportunity: name 'RATIO_WINDOW' is not defined;;
2026-01-12 09:46:05;ERROR;;;;;;;Erreur dans analyze_pairs_opportunity: name 'RATIO_WINDOW' is not defined;;
2026-01-12 09:46:05;ERROR;;;;;;;Erreur dans analyze_pairs_opportunity: name 'RATIO_WINDOW' is not defined;;
2026-01-12 09:46:05;ERROR;;;;;;;Erreur dans analyze_pairs_opportunity: Numba needs NumPy 2.2 or less. Got NumPy 2.3.;;
2026-01-12 09:46:19;ERROR;;;;;;;Erreur dans analyze_pairs_opportunity: name 'RATIO_WINDOW' is not defined;;
2026-01-12 09:46:20;ERROR;;;;;;;Erreur dans analyze_pairs_opportunity: name 'RATIO_WINDOW' is not defined;;
2026-01-12 09:46:20;ERROR;;;;;;;Erreur dans analyze_pairs_opportunity: name 'RATIO_WINDOW' is not defined;;
2026-01-12 09:46:20;ERROR;;;;;;;Erreur dans analyze_pairs_opportunity: Numba needs NumPy 2.2 or less. Got NumPy 2.3.;;
2026-01-12 09:46:34;ERROR;;;;;;;Erreur dans analyze_pairs_opportunity: name 'RATIO_WINDOW' is not defined;;
2026-01-12 09:46:35;ERROR;;;;;;;Erreur dans analyze_pairs_opportunity: name 'RATIO_WINDOW' is not defined;;
2026-01-12 09:46:35;ERROR;;;;;;;Erreur dans analyze_pairs_opportunity: name 'RATIO_WINDOW' is not defined;;
2026-01-12 09:46:35;ERROR;;;;;;;Erreur dans analyze_pairs_opportunity: Numba needs NumPy 2.2 or less. Got NumPy 2.3.;;
2026-01-12 09:46:49;ERROR;;;;;;;Erreur dans analyze_pairs_opportunity: name 'RATIO_WINDOW' is not defined;;
2026-01-12 09:46:50;ERROR;;;;;;;Erreur dans analyze_pairs_opportunity: name 'RATIO_WINDOW' is not defined;;
2026-01-12 09:46:50;ERROR;;;;;;;Erreur dans analyze_pairs_opportunity: name 'RATIO_WINDOW' is not defined;;
2026-01-12 09:46:50;ERROR;;;;;;;Erreur dans analyze_pairs_opportunity: Numba needs NumPy 2.2 or less. Got NumPy 2.3.;;
2026-01-12 09:47:04;ERROR;;;;;;;Erreur dans analyze_pairs_opportunity: name 'RATIO_WINDOW' is not defined;;
2026-01-12 09:47:05;ERROR;;;;;;;Erreur dans analyze_pairs_opportunity: name 'RATIO_WINDOW' is not defined;;
2026-01-12 09:47:05;ERROR;;;;;;;Erreur dans analyze_pairs_opportunity: name 'RATIO_WINDOW' is not defined;;
2026-01-12 09:47:05;ERROR;;;;;;;Erreur dans analyze_pairs_opportunity: Numba needs NumPy 2.2 or less. Got NumPy 2.3.;;
2026-01-12 09:47:20;ERROR;;;;;;;Erreur dans analyze_pairs_opportunity: name 'RATIO_WINDOW' is not defined;;
2026-01-12 09:47:20;ERROR;;;;;;;Erreur dans analyze_pairs_opportunity: name 'RATIO_WINDOW' is not defined;;
2026-01-12 09:47:20;ERROR;;;;;;;Erreur dans analyze_pairs_opportunity: name 'RATIO_WINDOW' is not defined;;
2026-01-12 09:47:20;ERROR;;;;;;;Erreur dans analyze_pairs_opportunity: Numba needs NumPy 2.2 or less. Got NumPy 2.3.;;
2026-01-12 09:47:35;ERROR;;;;;;;Erreur dans analyze_pairs_opportunity: name 'RATIO_WINDOW' is not defined;;
2026-01-12 09:47:35;ERROR;;;;;;;Erreur dans analyze_pairs_opportunity: name 'RATIO_WINDOW' is not defined;;
2026-01-12 09:47:35;ERROR;;;;;;;Erreur dans analyze_pairs_opportunity: name 'RATIO_WINDOW' is not defined;;
2026-01-12 09:47:35;ERROR;;;;;;;Erreur dans analyze_pairs_opportunity: Numba needs NumPy 2.2 or less. Got NumPy 2.3.;;
2026-01-12 09:47:50;ERROR;;;;;;;Erreur dans analyze_pairs_opportunity: name 'RATIO_WINDOW' is not defined;;
2026-01-12 09:47:50;ERROR;;;;;;;Erreur dans analyze_pairs_opportunity: name 'RATIO_WINDOW' is not defined;;
2026-01-12 09:47:50;ERROR;;;;;;;Erreur dans analyze_pairs_opportunity: name 'RATIO_WINDOW' is not defined;;
2026-01-12 09:47:51;ERROR;;;;;;;Erreur dans analyze_pairs_opportunity: Numba needs NumPy 2.2 or less. Got NumPy 2.3.;;
2026-01-12 09:48:05;ERROR;;;;;;;Erreur dans analyze_pairs_opportunity: name 'RATIO_WINDOW' is not defined;;
2026-01-12 09:48:05;ERROR;;;;;;;Erreur dans analyze_pairs_opportunity: name 'RATIO_WINDOW' is not defined;;
2026-01-12 09:48:05;ERROR;;;;;;;Erreur dans analyze_pairs_opportunity: name 'RATIO_WINDOW' is not defined;;
2026-01-12 09:48:06;ERROR;;;;;;;Erreur dans analyze_pairs_opportunity: Numba needs NumPy 2.2 or less. Got NumPy 2.3.;;
2026-01-12 09:48:20;ERROR;;;;;;;Erreur dans analyze_pairs_opportunity: name 'RATIO_WINDOW' is not defined;;
2026-01-12 09:48:20;ERROR;;;;;;;Erreur dans analyze_pairs_opportunity: name 'RATIO_WINDOW' is not defined;;
2026-01-12 09:48:20;ERROR;;;;;;;Erreur dans analyze_pairs_opportunity: name 'RATIO_WINDOW' is not defined;;
2026-01-12 09:48:21;ERROR;;;;;;;Erreur dans analyze_pairs_opportunity: Numba needs NumPy 2.2 or less. Got NumPy 2.3.;;
2026-01-12 09:48:35;ERROR;;;;;;;Erreur dans analyze_pairs_opportunity: name 'RATIO_WINDOW' is not defined;;
2026-01-12 09:48:35;ERROR;;;;;;;Erreur dans analyze_pairs_opportunity: name 'RATIO_WINDOW' is not defined;;
2026-01-12 09:48:35;ERROR;;;;;;;Erreur dans analyze_pairs_opportunity: name 'RATIO_WINDOW' is not defined;;
2026-01-12 09:48:36;ERROR;;;;;;;Erreur dans analyze_pairs_opportunity: Numba needs NumPy 2.2 or less. Got NumPy 2.3.;;
2026-01-12 09:48:50;ERROR;;;;;;;Erreur dans analyze_pairs_opportunity: name 'RATIO_WINDOW' is not defined;;
2026-01-12 09:48:50;ERROR;;;;;;;Erreur dans analyze_pairs_opportunity: name 'RATIO_WINDOW' is not defined;;
2026-01-12 09:48:50;ERROR;;;;;;;Erreur dans analyze_pairs_opportunity: name 'RATIO_WINDOW' is not defined;;
2026-01-12 09:48:51;ERROR;;;;;;;Erreur dans analyze_pairs_opportunity: Numba needs NumPy 2.2 or less. Got NumPy 2.3.;;
2026-01-12 09:49:05;ERROR;;;;;;;Erreur dans analyze_pairs_opportunity: name 'RATIO_WINDOW' is not defined;;
2026-01-12 09:49:05;ERROR;;;;;;;Erreur dans analyze_pairs_opportunity: name 'RATIO_WINDOW' is not defined;;
2026-01-12 09:49:05;ERROR;;;;;;;Erreur dans analyze_pairs_opportunity: name 'RATIO_WINDOW' is not defined;;
2026-01-12 09:49:06;ERROR;;;;;;;Erreur dans analyze_pairs_opportunity: Numba needs NumPy 2.2 or less. Got NumPy 2.3.;;
2026-01-12 09:49:20;ERROR;;;;;;;Erreur dans analyze_pairs_opportunity: name 'RATIO_WINDOW' is not defined;;
2026-01-12 09:49:20;ERROR;;;;;;;Erreur dans analyze_pairs_opportunity: name 'RATIO_WINDOW' is not defined;;
2026-01-12 09:49:20;ERROR;;;;;;;Erreur dans analyze_pairs_opportunity: name 'RATIO_WINDOW' is not defined;;
2026-01-12 09:49:21;ERROR;;;;;;;Erreur dans analyze_pairs_opportunity: Numba needs NumPy 2.2 or less. Got NumPy 2.3.;;
2026-01-12 09:49:35;ERROR;;;;;;;Erreur dans analyze_pairs_opportunity: name 'RATIO_WINDOW' is not defined;;
2026-01-12 09:49:35;ERROR;;;;;;;Erreur dans analyze_pairs_opportunity: name 'RATIO_WINDOW' is not defined;;
2026-01-12 09:49:35;ERROR;;;;;;;Erreur dans analyze_pairs_opportunity: name 'RATIO_WINDOW' is not defined;;
2026-01-12 09:49:36;ERROR;;;;;;;Erreur dans analyze_pairs_opportunity: Numba needs NumPy 2.2 or less. Got NumPy 2.3.;;
2026-01-12 09:49:50;ERROR;;;;;;;Erreur dans analyze_pairs_opportunity: name 'RATIO_WINDOW' is not defined;;
2026-01-12 09:49:50;ERROR;;;;;;;Erreur dans analyze_pairs_opportunity: name 'RATIO_WINDOW' is not defined;;
2026-01-12 09:49:50;ERROR;;;;;;;Erreur dans analyze_pairs_opportunity: name 'RATIO_WINDOW' is not defined;;
2026-01-12 09:49:51;ERROR;;;;;;;Erreur dans analyze_pairs_opportunity: Numba needs NumPy 2.2 or less. Got NumPy 2.3.;;
2026-01-12 09:49:51;INFO;;;;;;;Arrêt du bot demandé par l'utilisateur;;
2026-01-12 09:50:02;INFO;;;;;;;Déconnecté de MT5;;
2026-01-12 09:50:02;INFO;;;;;;;Bot arrêté;;
2026-01-12 09:50:05;ERROR;;;;;;;Erreur dans analyze_pairs_opportunity: name 'RATIO_WINDOW' is not defined;;
2026-01-12 09:50:05;ERROR;;;;;;;Erreur dans analyze_pairs_opportunity: name 'RATIO_WINDOW' is not defined;;
2026-01-12 09:50:05;ERROR;;;;;;;Erreur dans analyze_pairs_opportunity: name 'RATIO_WINDOW' is not defined;;
2026-01-12 09:50:06;ERROR;;;;;;;Erreur dans analyze_pairs_opportunity: Numba needs NumPy 2.2 or less. Got NumPy 2.3.;;
2026-01-12 09:50:06;INFO;;;;;;;Connecté au compte MT5: 101181033;;
2026-01-12 09:50:06;INFO;;;;;;;Compte: 101181033, Balance: 10000.0, Equity: 10000.0;10000.0;10000.0
2026-01-12 09:50:07;INFO;;;;;;;Session démarrée: 20260112_095007;;
2026-01-12 09:50:20;INFO;;;;;;;Arrêt du bot demandé par l'utilisateur;;
2026-01-12 09:50:20;ERROR;;;;;;;Erreur dans analyze_pairs_opportunity: name 'RATIO_WINDOW' is not defined;;
2026-01-12 09:50:20;ERROR;;;;;;;Erreur dans analyze_pairs_opportunity: name 'RATIO_WINDOW' is not defined;;
2026-01-12 09:50:20;ERROR;;;;;;;Erreur dans analyze_pairs_opportunity: name 'RATIO_WINDOW' is not defined;;
2026-01-12 09:50:21;ERROR;;;;;;;Erreur dans analyze_pairs_opportunity: Numba needs NumPy 2.2 or less. Got NumPy 2.3.;;
2026-01-12 09:50:23;INFO;;;;;;;Déconnecté de MT5;;
2026-01-12 09:50:23;INFO;;;;;;;Bot arrêté;;
2026-01-12 09:50:26;INFO;;;;;;;Connecté au compte MT5: 101181033;;
2026-01-12 09:50:26;INFO;;;;;;;Compte: 101181033, Balance: 10000.0, Equity: 10000.0;10000.0;10000.0
2026-01-12 09:50:27;INFO;;;;;;;Session démarrée: 20260112_095027;;
2026-01-12 09:50:35;ERROR;;;;;;;Erreur dans analyze_pairs_opportunity: name 'RATIO_WINDOW' is not defined;;
2026-01-12 09:50:35;ERROR;;;;;;;Erreur dans analyze_pairs_opportunity: name 'RATIO_WINDOW' is not defined;;
2026-01-12 09:50:35;ERROR;;;;;;;Erreur dans analyze_pairs_opportunity: name 'RATIO_WINDOW' is not defined;;
2026-01-12 09:50:36;ERROR;;;;;;;Erreur dans analyze_pairs_opportunity: Numba needs NumPy 2.2 or less. Got NumPy 2.3.;;
2026-01-12 09:50:50;ERROR;;;;;;;Erreur dans analyze_pairs_opportunity: name 'RATIO_WINDOW' is not defined;;
2026-01-12 09:50:50;ERROR;;;;;;;Erreur dans analyze_pairs_opportunity: name 'RATIO_WINDOW' is not defined;;
2026-01-12 09:50:50;ERROR;;;;;;;Erreur dans analyze_pairs_opportunity: name 'RATIO_WINDOW' is not defined;;
2026-01-12 09:50:51;ERROR;;;;;;;Erreur dans analyze_pairs_opportunity: Numba needs NumPy 2.2 or less. Got NumPy 2.3.;;
2026-01-12 09:51:05;ERROR;;;;;;;Erreur dans analyze_pairs_opportunity: name 'RATIO_WINDOW' is not defined;;
2026-01-12 09:51:05;ERROR;;;;;;;Erreur dans analyze_pairs_opportunity: name 'RATIO_WINDOW' is not defined;;
2026-01-12 09:51:05;ERROR;;;;;;;Erreur dans analyze_pairs_opportunity: name 'RATIO_WINDOW' is not defined;;
2026-01-12 09:51:06;ERROR;;;;;;;Erreur dans analyze_pairs_opportunity: Numba needs NumPy 2.2 or less. Got NumPy 2.3.;;
2026-01-12 09:51:20;ERROR;;;;;;;Erreur dans analyze_pairs_opportunity: name 'RATIO_WINDOW' is not defined;;
2026-01-12 09:51:20;ERROR;;;;;;;Erreur dans analyze_pairs_opportunity: name 'RATIO_WINDOW' is not defined;;
2026-01-12 09:51:20;ERROR;;;;;;;Erreur dans analyze_pairs_opportunity: name 'RATIO_WINDOW' is not defined;;
2026-01-12 09:51:21;ERROR;;;;;;;Erreur dans analyze_pairs_opportunity: Numba needs NumPy 2.2 or less. Got NumPy 2.3.;;
2026-01-12 09:51:35;ERROR;;;;;;;Erreur dans analyze_pairs_opportunity: name 'RATIO_WINDOW' is not defined;;
2026-01-12 09:51:35;ERROR;;;;;;;Erreur dans analyze_pairs_opportunity: name 'RATIO_WINDOW' is not defined;;
2026-01-12 09:51:35;ERROR;;;;;;;Erreur dans analyze_pairs_opportunity: name 'RATIO_WINDOW' is not defined;;
2026-01-12 09:51:36;ERROR;;;;;;;Erreur dans analyze_pairs_opportunity: Numba needs NumPy 2.2 or less. Got NumPy 2.3.;;
2026-01-12 09:51:50;ERROR;;;;;;;Erreur dans analyze_pairs_opportunity: name 'RATIO_WINDOW' is not defined;;
2026-01-12 09:51:50;ERROR;;;;;;;Erreur dans analyze_pairs_opportunity: name 'RATIO_WINDOW' is not defined;;
2026-01-12 09:51:51;ERROR;;;;;;;Erreur dans analyze_pairs_opportunity: Numba needs NumPy 2.2 or less. Got NumPy 2.3.;;
2026-01-12 09:52:05;ERROR;;;;;;;Erreur dans analyze_pairs_opportunity: name 'RATIO_WINDOW' is not defined;;
2026-01-12 09:52:05;ERROR;;;;;;;Erreur dans analyze_pairs_opportunity: name 'RATIO_WINDOW' is not defined;;
2026-01-12 09:52:05;ERROR;;;;;;;Erreur dans analyze_pairs_opportunity: name 'RATIO_WINDOW' is not defined;;
2026-01-12 09:52:06;ERROR;;;;;;;Erreur dans analyze_pairs_opportunity: Numba needs NumPy 2.2 or less. Got NumPy 2.3.;;
2026-01-12 09:52:20;ERROR;;;;;;;Erreur dans analyze_pairs_opportunity: name 'RATIO_WINDOW' is not defined;;
2026-01-12 09:52:20;ERROR;;;;;;;Erreur dans analyze_pairs_opportunity: name 'RATIO_WINDOW' is not defined;;
2026-01-12 09:52:20;ERROR;;;;;;;Erreur dans analyze_pairs_opportunity: name 'RATIO_WINDOW' is not defined;;
2026-01-12 09:52:21;ERROR;;;;;;;Erreur dans analyze_pairs_opportunity: Numba needs NumPy 2.2 or less. Got NumPy 2.3.;;
2026-01-12 09:52:35;ERROR;;;;;;;Erreur dans analyze_pairs_opportunity: name 'RATIO_WINDOW' is not defined;;
2026-01-12 09:52:36;ERROR;;;;;;;Erreur dans analyze_pairs_opportunity: name 'RATIO_WINDOW' is not defined;;
2026-01-12 09:52:36;ERROR;;;;;;;Erreur dans analyze_pairs_opportunity: name 'RATIO_WINDOW' is not defined;;
2026-01-12 09:52:36;ERROR;;;;;;;Erreur dans analyze_pairs_opportunity: Numba needs NumPy 2.2 or less. Got NumPy 2.3.;;
2026-01-12 09:52:50;ERROR;;;;;;;Erreur dans analyze_pairs_opportunity: name 'RATIO_WINDOW' is not defined;;
2026-01-12 09:52:51;ERROR;;;;;;;Erreur dans analyze_pairs_opportunity: name 'RATIO_WINDOW' is not defined;;
2026-01-12 09:52:51;ERROR;;;;;;;Erreur dans analyze_pairs_opportunity: name 'RATIO_WINDOW' is not defined;;
2026-01-12 09:52:52;ERROR;;;;;;;Erreur dans analyze_pairs_opportunity: Numba needs NumPy 2.2 or less. Got NumPy 2.3.;;
2026-01-12 09:53:05;ERROR;;;;;;;Erreur dans analyze_pairs_opportunity: name 'RATIO_WINDOW' is not defined;;
2026-01-12 09:53:06;ERROR;;;;;;;Erreur dans analyze_pairs_opportunity: name 'RATIO_WINDOW' is not defined;;
2026-01-12 09:53:06;ERROR;;;;;;;Erreur dans analyze_pairs_opportunity: name 'RATIO_WINDOW' is not defined;;
2026-01-12 09:53:07;ERROR;;;;;;;Erreur dans analyze_pairs_opportunity: Numba needs NumPy 2.2 or less. Got NumPy 2.3.;;
2026-01-12 09:53:20;ERROR;;;;;;;Erreur dans analyze_pairs_opportunity: name 'RATIO_WINDOW' is not defined;;
2026-01-12 09:53:21;ERROR;;;;;;;Erreur dans analyze_pairs_opportunity: name 'RATIO_WINDOW' is not defined;;
2026-01-12 09:53:21;ERROR;;;;;;;Erreur dans analyze_pairs_opportunity: name 'RATIO_WINDOW' is not defined;;
2026-01-12 09:53:22;ERROR;;;;;;;Erreur dans analyze_pairs_opportunity: Numba needs NumPy 2.2 or less. Got NumPy 2.3.;;
2026-01-12 09:53:35;ERROR;;;;;;;Erreur dans analyze_pairs_opportunity: name 'RATIO_WINDOW' is not defined;;
2026-01-12 09:53:36;ERROR;;;;;;;Erreur dans analyze_pairs_opportunity: name 'RATIO_WINDOW' is not defined;;
2026-01-12 09:53:36;ERROR;;;;;;;Erreur dans analyze_pairs_opportunity: name 'RATIO_WINDOW' is not defined;;
2026-01-12 09:53:37;ERROR;;;;;;;Erreur dans analyze_pairs_opportunity: Numba needs NumPy 2.2 or less. Got NumPy 2.3.;;
2026-01-12 09:53:50;ERROR;;;;;;;Erreur dans analyze_pairs_opportunity: name 'RATIO_WINDOW' is not defined;;
2026-01-12 09:53:51;ERROR;;;;;;;Erreur dans analyze_pairs_opportunity: name 'RATIO_WINDOW' is not defined;;
2026-01-12 09:53:51;ERROR;;;;;;;Erreur dans analyze_pairs_opportunity: name 'RATIO_WINDOW' is not defined;;
2026-01-12 09:53:52;ERROR;;;;;;;Erreur dans analyze_pairs_opportunity: Numba needs NumPy 2.2 or less. Got NumPy 2.3.;;
2026-01-12 09:54:05;ERROR;;;;;;;Erreur dans analyze_pairs_opportunity: name 'RATIO_WINDOW' is not defined;;
2026-01-12 09:54:06;ERROR;;;;;;;Erreur dans analyze_pairs_opportunity: name 'RATIO_WINDOW' is not defined;;
2026-01-12 09:54:06;ERROR;;;;;;;Erreur dans analyze_pairs_opportunity: name 'RATIO_WINDOW' is not defined;;
2026-01-12 09:54:07;ERROR;;;;;;;Erreur dans analyze_pairs_opportunity: Numba needs NumPy 2.2 or less. Got NumPy 2.3.;;
2026-01-12 09:54:20;ERROR;;;;;;;Erreur dans analyze_pairs_opportunity: name 'RATIO_WINDOW' is not defined;;
2026-01-12 09:54:21;ERROR;;;;;;;Erreur dans analyze_pairs_opportunity: name 'RATIO_WINDOW' is not defined;;
2026-01-12 09:54:21;ERROR;;;;;;;Erreur dans analyze_pairs_opportunity: name 'RATIO_WINDOW' is not defined;;
2026-01-12 09:54:22;ERROR;;;;;;;Erreur dans analyze_pairs_opportunity: Numba needs NumPy 2.2 or less. Got NumPy 2.3.;;
2026-01-12 09:54:35;ERROR;;;;;;;Erreur dans analyze_pairs_opportunity: name 'RATIO_WINDOW' is not defined;;
2026-01-12 09:54:36;ERROR;;;;;;;Erreur dans analyze_pairs_opportunity: name 'RATIO_WINDOW' is not defined;;
2026-01-12 09:54:36;ERROR;;;;;;;Erreur dans analyze_pairs_opportunity: name 'RATIO_WINDOW' is not defined;;
2026-01-12 09:54:37;ERROR;;;;;;;Erreur dans analyze_pairs_opportunity: Numba needs NumPy 2.2 or less. Got NumPy 2.3.;;
2026-01-12 09:54:50;ERROR;;;;;;;Erreur dans analyze_pairs_opportunity: name 'RATIO_WINDOW' is not defined;;
2026-01-12 09:54:51;ERROR;;;;;;;Erreur dans analyze_pairs_opportunity: name 'RATIO_WINDOW' is not defined;;
2026-01-12 09:54:51;ERROR;;;;;;;Erreur dans analyze_pairs_opportunity: name 'RATIO_WINDOW' is not defined;;
2026-01-12 09:54:52;ERROR;;;;;;;Erreur dans analyze_pairs_opportunity: Numba needs NumPy 2.2 or less. Got NumPy 2.3.;;
2026-01-12 09:55:05;ERROR;;;;;;;Erreur dans analyze_pairs_opportunity: name 'RATIO_WINDOW' is not defined;;
2026-01-12 09:55:06;ERROR;;;;;;;Erreur dans analyze_pairs_opportunity: name 'RATIO_WINDOW' is not defined;;
2026-01-12 09:55:06;ERROR;;;;;;;Erreur dans analyze_pairs_opportunity: name 'RATIO_WINDOW' is not defined;;
2026-01-12 09:55:07;ERROR;;;;;;;Erreur dans analyze_pairs_opportunity: Numba needs NumPy 2.2 or less. Got NumPy 2.3.;;
2026-01-12 09:55:20;ERROR;;;;;;;Erreur dans analyze_pairs_opportunity: name 'RATIO_WINDOW' is not defined;;
2026-01-12 09:55:21;ERROR;;;;;;;Erreur dans analyze_pairs_opportunity: name 'RATIO_WINDOW' is not defined;;
2026-01-12 09:55:21;ERROR;;;;;;;Erreur dans analyze_pairs_opportunity: name 'RATIO_WINDOW' is not defined;;
2026-01-12 09:55:22;ERROR;;;;;;;Erreur dans analyze_pairs_opportunity: Numba needs NumPy 2.2 or less. Got NumPy 2.3.;;
2026-01-12 09:56:32;ERROR;;;;;;;Erreur dans analyze_pairs_opportunity: name 'RATIO_WINDOW' is not defined;;
2026-01-12 09:56:32;ERROR;;;;;;;Erreur dans analyze_pairs_opportunity: name 'RATIO_WINDOW' is not defined;;
2026-01-12 09:56:32;ERROR;;;;;;;Erreur dans analyze_pairs_opportunity: Numba needs NumPy 2.2 or less. Got NumPy 2.3.;;
2026-01-12 09:56:34;ERROR;;;;;;;Erreur dans analyze_pairs_opportunity: name 'RATIO_WINDOW' is not defined;;
2026-01-12 09:56:47;ERROR;;;;;;;Erreur dans analyze_pairs_opportunity: name 'RATIO_WINDOW' is not defined;;
2026-01-12 09:56:47;ERROR;;;;;;;Erreur dans analyze_pairs_opportunity: name 'RATIO_WINDOW' is not defined;;
2026-01-12 09:56:47;ERROR;;;;;;;Erreur dans analyze_pairs_opportunity: Numba needs NumPy 2.2 or less. Got NumPy 2.3.;;
2026-01-12 09:56:49;ERROR;;;;;;;Erreur dans analyze_pairs_opportunity: name 'RATIO_WINDOW' is not defined;;
2026-01-12 09:57:02;ERROR;;;;;;;Erreur dans analyze_pairs_opportunity: name 'RATIO_WINDOW' is not defined;;
2026-01-12 09:57:02;ERROR;;;;;;;Erreur dans analyze_pairs_opportunity: name 'RATIO_WINDOW' is not defined;;
2026-01-12 09:57:02;ERROR;;;;;;;Erreur dans analyze_pairs_opportunity: Numba needs NumPy 2.2 or less. Got NumPy 2.3.;;
2026-01-12 09:57:04;ERROR;;;;;;;Erreur dans analyze_pairs_opportunity: name 'RATIO_WINDOW' is not defined;;
2026-01-12 09:57:17;ERROR;;;;;;;Erreur dans analyze_pairs_opportunity: name 'RATIO_WINDOW' is not defined;;
2026-01-12 09:57:17;ERROR;;;;;;;Erreur dans analyze_pairs_opportunity: name 'RATIO_WINDOW' is not defined;;
2026-01-12 09:57:17;ERROR;;;;;;;Erreur dans analyze_pairs_opportunity: Numba needs NumPy 2.2 or less. Got NumPy 2.3.;;
2026-01-12 09:57:19;ERROR;;;;;;;Erreur dans analyze_pairs_opportunity: name 'RATIO_WINDOW' is not defined;;
2026-01-12 09:57:32;ERROR;;;;;;;Erreur dans analyze_pairs_opportunity: name 'RATIO_WINDOW' is not defined;;
2026-01-12 09:57:32;ERROR;;;;;;;Erreur dans analyze_pairs_opportunity: name 'RATIO_WINDOW' is not defined;;
2026-01-12 09:57:32;ERROR;;;;;;;Erreur dans analyze_pairs_opportunity: Numba needs NumPy 2.2 or less. Got NumPy 2.3.;;
2026-01-12 09:57:34;ERROR;;;;;;;Erreur dans analyze_pairs_opportunity: name 'RATIO_WINDOW' is not defined;;
2026-01-12 09:57:47;ERROR;;;;;;;Erreur dans analyze_pairs_opportunity: name 'RATIO_WINDOW' is not defined;;
2026-01-12 09:57:47;ERROR;;;;;;;Erreur dans analyze_pairs_opportunity: name 'RATIO_WINDOW' is not defined;;
2026-01-12 09:57:47;ERROR;;;;;;;Erreur dans analyze_pairs_opportunity: Numba needs NumPy 2.2 or less. Got NumPy 2.3.;;
2026-01-12 09:57:49;ERROR;;;;;;;Erreur dans analyze_pairs_opportunity: name 'RATIO_WINDOW' is not defined;;
2026-01-12 09:58:02;ERROR;;;;;;;Erreur dans analyze_pairs_opportunity: name 'RATIO_WINDOW' is not defined;;
2026-01-12 09:58:02;ERROR;;;;;;;Erreur dans analyze_pairs_opportunity: name 'RATIO_WINDOW' is not defined;;
2026-01-12 09:58:02;ERROR;;;;;;;Erreur dans analyze_pairs_opportunity: Numba needs NumPy 2.2 or less. Got NumPy 2.3.;;
2026-01-12 09:58:04;ERROR;;;;;;;Erreur dans analyze_pairs_opportunity: name 'RATIO_WINDOW' is not defined;;
2026-01-12 09:58:17;ERROR;;;;;;;Erreur dans analyze_pairs_opportunity: name 'RATIO_WINDOW' is not defined;;
2026-01-12 09:58:17;ERROR;;;;;;;Erreur dans analyze_pairs_opportunity: name 'RATIO_WINDOW' is not defined;;
2026-01-12 09:58:17;ERROR;;;;;;;Erreur dans analyze_pairs_opportunity: Numba needs NumPy 2.2 or less. Got NumPy 2.3.;;
2026-01-12 09:58:19;ERROR;;;;;;;Erreur dans analyze_pairs_opportunity: name 'RATIO_WINDOW' is not defined;;
2026-01-12 09:58:32;ERROR;;;;;;;Erreur dans analyze_pairs_opportunity: name 'RATIO_WINDOW' is not defined;;
2026-01-12 09:58:32;ERROR;;;;;;;Erreur dans analyze_pairs_opportunity: name 'RATIO_WINDOW' is not defined;;
2026-01-12 09:58:32;ERROR;;;;;;;Erreur dans analyze_pairs_opportunity: Numba needs NumPy 2.2 or less. Got NumPy 2.3.;;
2026-01-12 09:58:34;ERROR;;;;;;;Erreur dans analyze_pairs_opportunity: name 'RATIO_WINDOW' is not defined;;
2026-01-12 09:58:47;ERROR;;;;;;;Erreur dans analyze_pairs_opportunity: name 'RATIO_WINDOW' is not defined;;
2026-01-12 09:58:47;ERROR;;;;;;;Erreur dans analyze_pairs_opportunity: name 'RATIO_WINDOW' is not defined;;
2026-01-12 09:58:47;ERROR;;;;;;;Erreur dans analyze_pairs_opportunity: Numba needs NumPy 2.2 or less. Got NumPy 2.3.;;
2026-01-12 09:58:49;ERROR;;;;;;;Erreur dans analyze_pairs_opportunity: name 'RATIO_WINDOW' is not defined;;
2026-01-12 09:59:02;ERROR;;;;;;;Erreur dans analyze_pairs_opportunity: name 'RATIO_WINDOW' is not defined;;
2026-01-12 09:59:02;ERROR;;;;;;;Erreur dans analyze_pairs_opportunity: name 'RATIO_WINDOW' is not defined;;
2026-01-12 09:59:02;ERROR;;;;;;;Erreur dans analyze_pairs_opportunity: Numba needs NumPy 2.2 or less. Got NumPy 2.3.;;
2026-01-12 09:59:04;ERROR;;;;;;;Erreur dans analyze_pairs_opportunity: name 'RATIO_WINDOW' is not defined;;
2026-01-12 09:59:17;ERROR;;;;;;;Erreur dans analyze_pairs_opportunity: name 'RATIO_WINDOW' is not defined;;
2026-01-12 09:59:17;ERROR;;;;;;;Erreur dans analyze_pairs_opportunity: name 'RATIO_WINDOW' is not defined;;
2026-01-12 09:59:17;ERROR;;;;;;;Erreur dans analyze_pairs_opportunity: Numba needs NumPy 2.2 or less. Got NumPy 2.3.;;
2026-01-12 09:59:19;ERROR;;;;;;;Erreur dans analyze_pairs_opportunity: name 'RATIO_WINDOW' is not defined;;
2026-01-12 09:59:32;ERROR;;;;;;;Erreur dans analyze_pairs_opportunity: name 'RATIO_WINDOW' is not defined;;
2026-01-12 09:59:32;ERROR;;;;;;;Erreur dans analyze_pairs_opportunity: name 'RATIO_WINDOW' is not defined;;
2026-01-12 09:59:32;ERROR;;;;;;;Erreur dans analyze_pairs_opportunity: Numba needs NumPy 2.2 or less. Got NumPy 2.3.;;
2026-01-12 09:59:34;ERROR;;;;;;;Erreur dans analyze_pairs_opportunity: name 'RATIO_WINDOW' is not defined;;
2026-01-12 09:59:47;ERROR;;;;;;;Erreur dans analyze_pairs_opportunity: name 'RATIO_WINDOW' is not defined;;
2026-01-12 09:59:47;ERROR;;;;;;;Erreur dans analyze_pairs_opportunity: name 'RATIO_WINDOW' is not defined;;
2026-01-12 09:59:47;ERROR;;;;;;;Erreur dans analyze_pairs_opportunity: Numba needs NumPy 2.2 or less. Got NumPy 2.3.;;
2026-01-12 09:59:49;ERROR;;;;;;;Erreur dans analyze_pairs_opportunity: name 'RATIO_WINDOW' is not defined;;
2026-01-12 10:00:02;ERROR;;;;;;;Erreur dans analyze_pairs_opportunity: name 'RATIO_WINDOW' is not defined;;
2026-01-12 10:00:02;ERROR;;;;;;;Erreur dans analyze_pairs_opportunity: name 'RATIO_WINDOW' is not defined;;
2026-01-12 10:00:02;ERROR;;;;;;;Erreur dans analyze_pairs_opportunity: Numba needs NumPy 2.2 or less. Got NumPy 2.3.;;
2026-01-12 10:00:04;ERROR;;;;;;;Erreur dans analyze_pairs_opportunity: name 'RATIO_WINDOW' is not defined;;
2026-01-12 10:00:17;ERROR;;;;;;;Erreur dans analyze_pairs_opportunity: name 'RATIO_WINDOW' is not defined;;
2026-01-12 10:00:17;ERROR;;;;;;;Erreur dans analyze_pairs_opportunity: name 'RATIO_WINDOW' is not defined;;
2026-01-12 10:00:17;ERROR;;;;;;;Erreur dans analyze_pairs_opportunity: Numba needs NumPy 2.2 or less. Got NumPy 2.3.;;
2026-01-12 10:00:19;ERROR;;;;;;;Erreur dans analyze_pairs_opportunity: name 'RATIO_WINDOW' is not defined;;
2026-01-12 10:00:32;ERROR;;;;;;;Erreur dans analyze_pairs_opportunity: name 'RATIO_WINDOW' is not defined;;
2026-01-12 10:00:32;ERROR;;;;;;;Erreur dans analyze_pairs_opportunity: name 'RATIO_WINDOW' is not defined;;
2026-01-12 10:00:32;ERROR;;;;;;;Erreur dans analyze_pairs_opportunity: Numba needs NumPy 2.2 or less. Got NumPy 2.3.;;
2026-01-12 10:00:34;ERROR;;;;;;;Erreur dans analyze_pairs_opportunity: name 'RATIO_WINDOW' is not defined;;
2026-01-12 10:00:47;ERROR;;;;;;;Erreur dans analyze_pairs_opportunity: name 'RATIO_WINDOW' is not defined;;
2026-01-12 10:00:47;ERROR;;;;;;;Erreur dans analyze_pairs_opportunity: name 'RATIO_WINDOW' is not defined;;
2026-01-12 10:00:47;ERROR;;;;;;;Erreur dans analyze_pairs_opportunity: Numba needs NumPy 2.2 or less. Got NumPy 2.3.;;
2026-01-12 10:00:49;ERROR;;;;;;;Erreur dans analyze_pairs_opportunity: name 'RATIO_WINDOW' is not defined;;
2026-01-12 10:01:02;ERROR;;;;;;;Erreur dans analyze_pairs_opportunity: name 'RATIO_WINDOW' is not defined;;
2026-01-12 10:01:02;ERROR;;;;;;;Erreur dans analyze_pairs_opportunity: name 'RATIO_WINDOW' is not defined;;
2026-01-12 10:01:02;ERROR;;;;;;;Erreur dans analyze_pairs_opportunity: Numba needs NumPy 2.2 or less. Got NumPy 2.3.;;
2026-01-12 10:01:05;ERROR;;;;;;;Erreur dans analyze_pairs_opportunity: name 'RATIO_WINDOW' is not defined;;
2026-01-12 10:01:17;ERROR;;;;;;;Erreur dans analyze_pairs_opportunity: name 'RATIO_WINDOW' is not defined;;
2026-01-12 10:01:17;ERROR;;;;;;;Erreur dans analyze_pairs_opportunity: name 'RATIO_WINDOW' is not defined;;
2026-01-12 10:01:17;ERROR;;;;;;;Erreur dans analyze_pairs_opportunity: Numba needs NumPy 2.2 or less. Got NumPy 2.3.;;
2026-01-12 10:01:20;ERROR;;;;;;;Erreur dans analyze_pairs_opportunity: name 'RATIO_WINDOW' is not defined;;
2026-01-12 10:01:32;ERROR;;;;;;;Erreur dans analyze_pairs_opportunity: name 'RATIO_WINDOW' is not defined;;
2026-01-12 10:01:32;ERROR;;;;;;;Erreur dans analyze_pairs_opportunity: name 'RATIO_WINDOW' is not defined;;
2026-01-12 10:01:32;ERROR;;;;;;;Erreur dans analyze_pairs_opportunity: Numba needs NumPy 2.2 or less. Got NumPy 2.3.;;
2026-01-12 10:01:35;ERROR;;;;;;;Erreur dans analyze_pairs_opportunity: name 'RATIO_WINDOW' is not defined;;
2026-01-12 10:01:47;ERROR;;;;;;;Erreur dans analyze_pairs_opportunity: name 'RATIO_WINDOW' is not defined;;
2026-01-12 10:01:47;ERROR;;;;;;;Erreur dans analyze_pairs_opportunity: name 'RATIO_WINDOW' is not defined;;
2026-01-12 10:01:47;ERROR;;;;;;;Erreur dans analyze_pairs_opportunity: Numba needs NumPy 2.2 or less. Got NumPy 2.3.;;
2026-01-12 10:01:50;ERROR;;;;;;;Erreur dans analyze_pairs_opportunity: name 'RATIO_WINDOW' is not defined;;
2026-01-12 10:02:02;ERROR;;;;;;;Erreur dans analyze_pairs_opportunity: name 'RATIO_WINDOW' is not defined;;
2026-01-12 10:02:02;ERROR;;;;;;;Erreur dans analyze_pairs_opportunity: name 'RATIO_WINDOW' is not defined;;
2026-01-12 10:02:03;ERROR;;;;;;;Erreur dans analyze_pairs_opportunity: Numba needs NumPy 2.2 or less. Got NumPy 2.3.;;
2026-01-12 10:02:05;ERROR;;;;;;;Erreur dans analyze_pairs_opportunity: name 'RATIO_WINDOW' is not defined;;
2026-01-12 10:02:17;ERROR;;;;;;;Erreur dans analyze_pairs_opportunity: name 'RATIO_WINDOW' is not defined;;
2026-01-12 10:02:17;ERROR;;;;;;;Erreur dans analyze_pairs_opportunity: name 'RATIO_WINDOW' is not defined;;
2026-01-12 10:02:18;ERROR;;;;;;;Erreur dans analyze_pairs_opportunity: Numba needs NumPy 2.2 or less. Got NumPy 2.3.;;
2026-01-12 10:02:20;ERROR;;;;;;;Erreur dans analyze_pairs_opportunity: name 'RATIO_WINDOW' is not defined;;
2026-01-12 10:02:32;ERROR;;;;;;;Erreur dans analyze_pairs_opportunity: name 'RATIO_WINDOW' is not defined;;
2026-01-12 10:02:32;ERROR;;;;;;;Erreur dans analyze_pairs_opportunity: name 'RATIO_WINDOW' is not defined;;
2026-01-12 10:02:33;ERROR;;;;;;;Erreur dans analyze_pairs_opportunity: Numba needs NumPy 2.2 or less. Got NumPy 2.3.;;
2026-01-12 10:02:35;ERROR;;;;;;;Erreur dans analyze_pairs_opportunity: name 'RATIO_WINDOW' is not defined;;
2026-01-12 10:02:47;ERROR;;;;;;;Erreur dans analyze_pairs_opportunity: name 'RATIO_WINDOW' is not defined;;
2026-01-12 10:02:47;ERROR;;;;;;;Erreur dans analyze_pairs_opportunity: name 'RATIO_WINDOW' is not defined;;
2026-01-12 10:02:48;ERROR;;;;;;;Erreur dans analyze_pairs_opportunity: Numba needs NumPy 2.2 or less. Got NumPy 2.3.;;
2026-01-12 10:02:50;ERROR;;;;;;;Erreur dans analyze_pairs_opportunity: name 'RATIO_WINDOW' is not defined;;
2026-01-12 10:03:02;ERROR;;;;;;;Erreur dans analyze_pairs_opportunity: name 'RATIO_WINDOW' is not defined;;
2026-01-12 10:03:02;ERROR;;;;;;;Erreur dans analyze_pairs_opportunity: name 'RATIO_WINDOW' is not defined;;
2026-01-12 10:03:03;ERROR;;;;;;;Erreur dans analyze_pairs_opportunity: Numba needs NumPy 2.2 or less. Got NumPy 2.3.;;
2026-01-12 10:03:05;ERROR;;;;;;;Erreur dans analyze_pairs_opportunity: name 'RATIO_WINDOW' is not defined;;
2026-01-12 10:03:17;ERROR;;;;;;;Erreur dans analyze_pairs_opportunity: name 'RATIO_WINDOW' is not defined;;
2026-01-12 10:03:17;ERROR;;;;;;;Erreur dans analyze_pairs_opportunity: name 'RATIO_WINDOW' is not defined;;
2026-01-12 10:03:18;ERROR;;;;;;;Erreur dans analyze_pairs_opportunity: Numba needs NumPy 2.2 or less. Got NumPy 2.3.;;
2026-01-12 10:03:20;ERROR;;;;;;;Erreur dans analyze_pairs_opportunity: name 'RATIO_WINDOW' is not defined;;
2026-01-12 10:03:32;ERROR;;;;;;;Erreur dans analyze_pairs_opportunity: name 'RATIO_WINDOW' is not defined;;
2026-01-12 10:03:32;ERROR;;;;;;;Erreur dans analyze_pairs_opportunity: name 'RATIO_WINDOW' is not defined;;
2026-01-12 10:03:33;ERROR;;;;;;;Erreur dans analyze_pairs_opportunity: Numba needs NumPy 2.2 or less. Got NumPy 2.3.;;
2026-01-12 10:03:35;ERROR;;;;;;;Erreur dans analyze_pairs_opportunity: name 'RATIO_WINDOW' is not defined;;
2026-01-12 10:03:47;ERROR;;;;;;;Erreur dans analyze_pairs_opportunity: name 'RATIO_WINDOW' is not defined;;
2026-01-12 10:03:47;ERROR;;;;;;;Erreur dans analyze_pairs_opportunity: name 'RATIO_WINDOW' is not defined;;
2026-01-12 10:03:48;ERROR;;;;;;;Erreur dans analyze_pairs_opportunity: Numba needs NumPy 2.2 or less. Got NumPy 2.3.;;
2026-01-12 10:03:50;ERROR;;;;;;;Erreur dans analyze_pairs_opportunity: name 'RATIO_WINDOW' is not defined;;
2026-01-12 10:04:02;ERROR;;;;;;;Erreur dans analyze_pairs_opportunity: name 'RATIO_WINDOW' is not defined;;
2026-01-12 10:04:03;ERROR;;;;;;;Erreur dans analyze_pairs_opportunity: name 'RATIO_WINDOW' is not defined;;
2026-01-12 10:04:03;ERROR;;;;;;;Erreur dans analyze_pairs_opportunity: Numba needs NumPy 2.2 or less. Got NumPy 2.3.;;
2026-01-12 10:04:05;ERROR;;;;;;;Erreur dans analyze_pairs_opportunity: name 'RATIO_WINDOW' is not defined;;
2026-01-12 10:04:17;ERROR;;;;;;;Erreur dans analyze_pairs_opportunity: name 'RATIO_WINDOW' is not defined;;
2026-01-12 10:04:18;ERROR;;;;;;;Erreur dans analyze_pairs_opportunity: name 'RATIO_WINDOW' is not defined;;
2026-01-12 10:04:18;ERROR;;;;;;;Erreur dans analyze_pairs_opportunity: Numba needs NumPy 2.2 or less. Got NumPy 2.3.;;
2026-01-12 10:04:20;ERROR;;;;;;;Erreur dans analyze_pairs_opportunity: name 'RATIO_WINDOW' is not defined;;
2026-01-12 10:04:32;ERROR;;;;;;;Erreur dans analyze_pairs_opportunity: name 'RATIO_WINDOW' is not defined;;
2026-01-12 10:04:33;ERROR;;;;;;;Erreur dans analyze_pairs_opportunity: name 'RATIO_WINDOW' is not defined;;
2026-01-12 10:04:33;ERROR;;;;;;;Erreur dans analyze_pairs_opportunity: Numba needs NumPy 2.2 or less. Got NumPy 2.3.;;
2026-01-12 10:04:35;ERROR;;;;;;;Erreur dans analyze_pairs_opportunity: name 'RATIO_WINDOW' is not defined;;
2026-01-12 10:04:47;ERROR;;;;;;;Erreur dans analyze_pairs_opportunity: name 'RATIO_WINDOW' is not defined;;
2026-01-12 10:04:48;ERROR;;;;;;;Erreur dans analyze_pairs_opportunity: name 'RATIO_WINDOW' is not defined;;
2026-01-12 10:04:48;ERROR;;;;;;;Erreur dans analyze_pairs_opportunity: Numba needs NumPy 2.2 or less. Got NumPy 2.3.;;
2026-01-12 10:04:50;ERROR;;;;;;;Erreur dans analyze_pairs_opportunity: name 'RATIO_WINDOW' is not defined;;
2026-01-12 10:05:02;ERROR;;;;;;;Erreur dans analyze_pairs_opportunity: name 'RATIO_WINDOW' is not defined;;
2026-01-12 10:05:03;ERROR;;;;;;;Erreur dans analyze_pairs_opportunity: name 'RATIO_WINDOW' is not defined;;
2026-01-12 10:05:03;ERROR;;;;;;;Erreur dans analyze_pairs_opportunity: Numba needs NumPy 2.2 or less. Got NumPy 2.3.;;
2026-01-12 10:05:05;ERROR;;;;;;;Erreur dans analyze_pairs_opportunity: name 'RATIO_WINDOW' is not defined;;
2026-01-12 10:05:17;ERROR;;;;;;;Erreur dans analyze_pairs_opportunity: name 'RATIO_WINDOW' is not defined;;
2026-01-12 10:05:18;ERROR;;;;;;;Erreur dans analyze_pairs_opportunity: name 'RATIO_WINDOW' is not defined;;
2026-01-12 10:05:18;ERROR;;;;;;;Erreur dans analyze_pairs_opportunity: Numba needs NumPy 2.2 or less. Got NumPy 2.3.;;
2026-01-12 10:05:20;ERROR;;;;;;;Erreur dans analyze_pairs_opportunity: name 'RATIO_WINDOW' is not defined;;
2026-01-12 10:05:33;ERROR;;;;;;;Erreur dans analyze_pairs_opportunity: name 'RATIO_WINDOW' is not defined;;
2026-01-12 10:05:33;ERROR;;;;;;;Erreur dans analyze_pairs_opportunity: name 'RATIO_WINDOW' is not defined;;
2026-01-12 10:05:33;ERROR;;;;;;;Erreur dans analyze_pairs_opportunity: Numba needs NumPy 2.2 or less. Got NumPy 2.3.;;
2026-01-12 10:05:35;ERROR;;;;;;;Erreur dans analyze_pairs_opportunity: name 'RATIO_WINDOW' is not defined;;
2026-01-12 10:05:48;ERROR;;;;;;;Erreur dans analyze_pairs_opportunity: name 'RATIO_WINDOW' is not defined;;
2026-01-12 10:05:48;ERROR;;;;;;;Erreur dans analyze_pairs_opportunity: name 'RATIO_WINDOW' is not defined;;
2026-01-12 10:05:48;ERROR;;;;;;;Erreur dans analyze_pairs_opportunity: Numba needs NumPy 2.2 or less. Got NumPy 2.3.;;
2026-01-12 10:05:50;ERROR;;;;;;;Erreur dans analyze_pairs_opportunity: name 'RATIO_WINDOW' is not defined;;
2026-01-12 10:06:03;ERROR;;;;;;;Erreur dans analyze_pairs_opportunity: name 'RATIO_WINDOW' is not defined;;
2026-01-12 10:06:03;ERROR;;;;;;;Erreur dans analyze_pairs_opportunity: name 'RATIO_WINDOW' is not defined;;
2026-01-12 10:06:03;ERROR;;;;;;;Erreur dans analyze_pairs_opportunity: Numba needs NumPy 2.2 or less. Got NumPy 2.3.;;
2026-01-12 10:06:05;ERROR;;;;;;;Erreur dans analyze_pairs_opportunity: name 'RATIO_WINDOW' is not defined;;
2026-01-12 10:06:18;ERROR;;;;;;;Erreur dans analyze_pairs_opportunity: name 'RATIO_WINDOW' is not defined;;
2026-01-12 10:06:18;ERROR;;;;;;;Erreur dans analyze_pairs_opportunity: name 'RATIO_WINDOW' is not defined;;
2026-01-12 10:06:18;ERROR;;;;;;;Erreur dans analyze_pairs_opportunity: Numba needs NumPy 2.2 or less. Got NumPy 2.3.;;
2026-01-12 10:06:20;ERROR;;;;;;;Erreur dans analyze_pairs_opportunity: name 'RATIO_WINDOW' is not defined;;
2026-01-12 10:06:33;ERROR;;;;;;;Erreur dans analyze_pairs_opportunity: name 'RATIO_WINDOW' is not defined;;
2026-01-12 10:06:33;ERROR;;;;;;;Erreur dans analyze_pairs_opportunity: name 'RATIO_WINDOW' is not defined;;
2026-01-12 10:06:33;ERROR;;;;;;;Erreur dans analyze_pairs_opportunity: Numba needs NumPy 2.2 or less. Got NumPy 2.3.;;
2026-01-12 10:06:35;ERROR;;;;;;;Erreur dans analyze_pairs_opportunity: name 'RATIO_WINDOW' is not defined;;
2026-01-12 10:06:48;ERROR;;;;;;;Erreur dans analyze_pairs_opportunity: name 'RATIO_WINDOW' is not defined;;
2026-01-12 10:06:48;ERROR;;;;;;;Erreur dans analyze_pairs_opportunity: name 'RATIO_WINDOW' is not defined;;
2026-01-12 10:06:48;ERROR;;;;;;;Erreur dans analyze_pairs_opportunity: Numba needs NumPy 2.2 or less. Got NumPy 2.3.;;
2026-01-12 10:06:50;ERROR;;;;;;;Erreur dans analyze_pairs_opportunity: name 'RATIO_WINDOW' is not defined;;
2026-01-12 10:07:03;ERROR;;;;;;;Erreur dans analyze_pairs_opportunity: name 'RATIO_WINDOW' is not defined;;
2026-01-12 10:07:03;ERROR;;;;;;;Erreur dans analyze_pairs_opportunity: name 'RATIO_WINDOW' is not defined;;
2026-01-12 10:07:03;ERROR;;;;;;;Erreur dans analyze_pairs_opportunity: Numba needs NumPy 2.2 or less. Got NumPy 2.3.;;
2026-01-12 10:07:05;ERROR;;;;;;;Erreur dans analyze_pairs_opportunity: name 'RATIO_WINDOW' is not defined;;
2026-01-12 10:07:18;ERROR;;;;;;;Erreur dans analyze_pairs_opportunity: name 'RATIO_WINDOW' is not defined;;
2026-01-12 10:07:18;ERROR;;;;;;;Erreur dans analyze_pairs_opportunity: name 'RATIO_WINDOW' is not defined;;
2026-01-12 10:07:19;ERROR;;;;;;;Erreur dans analyze_pairs_opportunity: Numba needs NumPy 2.2 or less. Got NumPy 2.3.;;
2026-01-12 10:07:20;ERROR;;;;;;;Erreur dans analyze_pairs_opportunity: name 'RATIO_WINDOW' is not defined;;
2026-01-12 10:07:33;ERROR;;;;;;;Erreur dans analyze_pairs_opportunity: name 'RATIO_WINDOW' is not defined;;
2026-01-12 10:07:33;ERROR;;;;;;;Erreur dans analyze_pairs_opportunity: name 'RATIO_WINDOW' is not defined;;
2026-01-12 10:07:34;ERROR;;;;;;;Erreur dans analyze_pairs_opportunity: Numba needs NumPy 2.2 or less. Got NumPy 2.3.;;
2026-01-12 10:07:35;ERROR;;;;;;;Erreur dans analyze_pairs_opportunity: name 'RATIO_WINDOW' is not defined;;
2026-01-12 10:07:48;ERROR;;;;;;;Erreur dans analyze_pairs_opportunity: name 'RATIO_WINDOW' is not defined;;
2026-01-12 10:07:48;ERROR;;;;;;;Erreur dans analyze_pairs_opportunity: name 'RATIO_WINDOW' is not defined;;
2026-01-12 10:07:49;ERROR;;;;;;;Erreur dans analyze_pairs_opportunity: Numba needs NumPy 2.2 or less. Got NumPy 2.3.;;
2026-01-12 10:07:50;ERROR;;;;;;;Erreur dans analyze_pairs_opportunity: name 'RATIO_WINDOW' is not defined;;
2026-01-12 10:08:03;ERROR;;;;;;;Erreur dans analyze_pairs_opportunity: name 'RATIO_WINDOW' is not defined;;
2026-01-12 10:08:03;ERROR;;;;;;;Erreur dans analyze_pairs_opportunity: name 'RATIO_WINDOW' is not defined;;
2026-01-12 10:08:04;ERROR;;;;;;;Erreur dans analyze_pairs_opportunity: Numba needs NumPy 2.2 or less. Got NumPy 2.3.;;
2026-01-12 10:08:05;ERROR;;;;;;;Erreur dans analyze_pairs_opportunity: name 'RATIO_WINDOW' is not defined;;
2026-01-12 10:08:18;ERROR;;;;;;;Erreur dans analyze_pairs_opportunity: name 'RATIO_WINDOW' is not defined;;
2026-01-12 10:08:18;ERROR;;;;;;;Erreur dans analyze_pairs_opportunity: name 'RATIO_WINDOW' is not defined;;
2026-01-12 10:08:19;ERROR;;;;;;;Erreur dans analyze_pairs_opportunity: Numba needs NumPy 2.2 or less. Got NumPy 2.3.;;
2026-01-12 10:08:20;ERROR;;;;;;;Erreur dans analyze_pairs_opportunity: name 'RATIO_WINDOW' is not defined;;
2026-01-12 10:08:33;ERROR;;;;;;;Erreur dans analyze_pairs_opportunity: name 'RATIO_WINDOW' is not defined;;
2026-01-12 10:08:33;ERROR;;;;;;;Erreur dans analyze_pairs_opportunity: name 'RATIO_WINDOW' is not defined;;
2026-01-12 10:08:34;ERROR;;;;;;;Erreur dans analyze_pairs_opportunity: Numba needs NumPy 2.2 or less. Got NumPy 2.3.;;
2026-01-12 10:08:35;ERROR;;;;;;;Erreur dans analyze_pairs_opportunity: name 'RATIO_WINDOW' is not defined;;
2026-01-12 10:08:48;ERROR;;;;;;;Erreur dans analyze_pairs_opportunity: name 'RATIO_WINDOW' is not defined;;
2026-01-12 10:08:48;ERROR;;;;;;;Erreur dans analyze_pairs_opportunity: name 'RATIO_WINDOW' is not defined;;
2026-01-12 10:08:49;ERROR;;;;;;;Erreur dans analyze_pairs_opportunity: Numba needs NumPy 2.2 or less. Got NumPy 2.3.;;
2026-01-12 10:08:50;ERROR;;;;;;;Erreur dans analyze_pairs_opportunity: name 'RATIO_WINDOW' is not defined;;
2026-01-12 10:09:03;ERROR;;;;;;;Erreur dans analyze_pairs_opportunity: name 'RATIO_WINDOW' is not defined;;
2026-01-12 10:09:03;ERROR;;;;;;;Erreur dans analyze_pairs_opportunity: name 'RATIO_WINDOW' is not defined;;
2026-01-12 10:09:04;ERROR;;;;;;;Erreur dans analyze_pairs_opportunity: Numba needs NumPy 2.2 or less. Got NumPy 2.3.;;
2026-01-12 10:09:05;ERROR;;;;;;;Erreur dans analyze_pairs_opportunity: name 'RATIO_WINDOW' is not defined;;
2026-01-12 10:09:18;ERROR;;;;;;;Erreur dans analyze_pairs_opportunity: name 'RATIO_WINDOW' is not defined;;
2026-01-12 10:09:18;ERROR;;;;;;;Erreur dans analyze_pairs_opportunity: name 'RATIO_WINDOW' is not defined;;
2026-01-12 10:09:19;ERROR;;;;;;;Erreur dans analyze_pairs_opportunity: Numba needs NumPy 2.2 or less. Got NumPy 2.3.;;
2026-01-12 10:09:20;ERROR;;;;;;;Erreur dans analyze_pairs_opportunity: name 'RATIO_WINDOW' is not defined;;
2026-01-12 10:09:33;ERROR;;;;;;;Erreur dans analyze_pairs_opportunity: name 'RATIO_WINDOW' is not defined;;
2026-01-12 10:09:33;ERROR;;;;;;;Erreur dans analyze_pairs_opportunity: name 'RATIO_WINDOW' is not defined;;
2026-01-12 10:09:34;ERROR;;;;;;;Erreur dans analyze_pairs_opportunity: Numba needs NumPy 2.2 or less. Got NumPy 2.3.;;
2026-01-12 10:09:35;ERROR;;;;;;;Erreur dans analyze_pairs_opportunity: name 'RATIO_WINDOW' is not defined;;
2026-01-12 10:09:48;ERROR;;;;;;;Erreur dans analyze_pairs_opportunity: name 'RATIO_WINDOW' is not defined;;
2026-01-12 10:09:48;ERROR;;;;;;;Erreur dans analyze_pairs_opportunity: name 'RATIO_WINDOW' is not defined;;
2026-01-12 10:09:49;ERROR;;;;;;;Erreur dans analyze_pairs_opportunity: Numba needs NumPy 2.2 or less. Got NumPy 2.3.;;
2026-01-12 10:09:50;ERROR;;;;;;;Erreur dans analyze_pairs_opportunity: name 'RATIO_WINDOW' is not defined;;
2026-01-12 10:10:03;ERROR;;;;;;;Erreur dans analyze_pairs_opportunity: name 'RATIO_WINDOW' is not defined;;
2026-01-12 10:10:03;ERROR;;;;;;;Erreur dans analyze_pairs_opportunity: name 'RATIO_WINDOW' is not defined;;
2026-01-12 10:10:04;ERROR;;;;;;;Erreur dans analyze_pairs_opportunity: Numba needs NumPy 2.2 or less. Got NumPy 2.3.;;
2026-01-12 10:10:06;ERROR;;;;;;;Erreur dans analyze_pairs_opportunity: name 'RATIO_WINDOW' is not defined;;
2026-01-12 10:10:18;ERROR;;;;;;;Erreur dans analyze_pairs_opportunity: name 'RATIO_WINDOW' is not defined;;
2026-01-12 10:10:18;ERROR;;;;;;;Erreur dans analyze_pairs_opportunity: name 'RATIO_WINDOW' is not defined;;
2026-01-12 10:10:19;ERROR;;;;;;;Erreur dans analyze_pairs_opportunity: Numba needs NumPy 2.2 or less. Got NumPy 2.3.;;
2026-01-12 10:10:21;ERROR;;;;;;;Erreur dans analyze_pairs_opportunity: name 'RATIO_WINDOW' is not defined;;
2026-01-12 10:10:33;ERROR;;;;;;;Erreur dans analyze_pairs_opportunity: name 'RATIO_WINDOW' is not defined;;
2026-01-12 10:10:33;ERROR;;;;;;;Erreur dans analyze_pairs_opportunity: name 'RATIO_WINDOW' is not defined;;
2026-01-12 10:10:34;ERROR;;;;;;;Erreur dans analyze_pairs_opportunity: Numba needs NumPy 2.2 or less. Got NumPy 2.3.;;
2026-01-12 10:10:36;ERROR;;;;;;;Erreur dans analyze_pairs_opportunity: name 'RATIO_WINDOW' is not defined;;
2026-01-12 10:10:48;ERROR;;;;;;;Erreur dans analyze_pairs_opportunity: name 'RATIO_WINDOW' is not defined;;
2026-01-12 10:10:48;ERROR;;;;;;;Erreur dans analyze_pairs_opportunity: name 'RATIO_WINDOW' is not defined;;
2026-01-12 10:10:49;ERROR;;;;;;;Erreur dans analyze_pairs_opportunity: Numba needs NumPy 2.2 or less. Got NumPy 2.3.;;
2026-01-12 10:10:51;ERROR;;;;;;;Erreur dans analyze_pairs_opportunity: name 'RATIO_WINDOW' is not defined;;
2026-01-12 10:11:03;ERROR;;;;;;;Erreur dans analyze_pairs_opportunity: name 'RATIO_WINDOW' is not defined;;
2026-01-12 10:11:03;ERROR;;;;;;;Erreur dans analyze_pairs_opportunity: name 'RATIO_WINDOW' is not defined;;
2026-01-12 10:11:04;ERROR;;;;;;;Erreur dans analyze_pairs_opportunity: Numba needs NumPy 2.2 or less. Got NumPy 2.3.;;
2026-01-12 10:11:06;ERROR;;;;;;;Erreur dans analyze_pairs_opportunity: name 'RATIO_WINDOW' is not defined;;
2026-01-12 10:11:18;ERROR;;;;;;;Erreur dans analyze_pairs_opportunity: name 'RATIO_WINDOW' is not defined;;
2026-01-12 10:11:18;ERROR;;;;;;;Erreur dans analyze_pairs_opportunity: name 'RATIO_WINDOW' is not defined;;
2026-01-12 10:11:19;ERROR;;;;;;;Erreur dans analyze_pairs_opportunity: Numba needs NumPy 2.2 or less. Got NumPy 2.3.;;
2026-01-12 10:11:21;ERROR;;;;;;;Erreur dans analyze_pairs_opportunity: name 'RATIO_WINDOW' is not defined;;
2026-01-12 10:11:33;ERROR;;;;;;;Erreur dans analyze_pairs_opportunity: name 'RATIO_WINDOW' is not defined;;
2026-01-12 10:11:33;ERROR;;;;;;;Erreur dans analyze_pairs_opportunity: name 'RATIO_WINDOW' is not defined;;
2026-01-12 10:11:34;ERROR;;;;;;;Erreur dans analyze_pairs_opportunity: Numba needs NumPy 2.2 or less. Got NumPy 2.3.;;
2026-01-12 10:11:36;ERROR;;;;;;;Erreur dans analyze_pairs_opportunity: name 'RATIO_WINDOW' is not defined;;
2026-01-12 10:11:48;ERROR;;;;;;;Erreur dans analyze_pairs_opportunity: name 'RATIO_WINDOW' is not defined;;
2026-01-12 10:11:48;ERROR;;;;;;;Erreur dans analyze_pairs_opportunity: name 'RATIO_WINDOW' is not defined;;
2026-01-12 10:11:49;ERROR;;;;;;;Erreur dans analyze_pairs_opportunity: Numba needs NumPy 2.2 or less. Got NumPy 2.3.;;
2026-01-12 10:11:51;ERROR;;;;;;;Erreur dans analyze_pairs_opportunity: name 'RATIO_WINDOW' is not defined;;
2026-01-12 10:12:03;ERROR;;;;;;;Erreur dans analyze_pairs_opportunity: name 'RATIO_WINDOW' is not defined;;
2026-01-12 10:12:04;ERROR;;;;;;;Erreur dans analyze_pairs_opportunity: name 'RATIO_WINDOW' is not defined;;
2026-01-12 10:12:04;ERROR;;;;;;;Erreur dans analyze_pairs_opportunity: Numba needs NumPy 2.2 or less. Got NumPy 2.3.;;
2026-01-12 10:12:06;ERROR;;;;;;;Erreur dans analyze_pairs_opportunity: name 'RATIO_WINDOW' is not defined;;
2026-01-12 10:12:18;ERROR;;;;;;;Erreur dans analyze_pairs_opportunity: name 'RATIO_WINDOW' is not defined;;
2026-01-12 10:12:19;ERROR;;;;;;;Erreur dans analyze_pairs_opportunity: name 'RATIO_WINDOW' is not defined;;
2026-01-12 10:12:19;ERROR;;;;;;;Erreur dans analyze_pairs_opportunity: Numba needs NumPy 2.2 or less. Got NumPy 2.3.;;
2026-01-12 10:12:21;ERROR;;;;;;;Erreur dans analyze_pairs_opportunity: name 'RATIO_WINDOW' is not defined;;
2026-01-12 10:12:33;ERROR;;;;;;;Erreur dans analyze_pairs_opportunity: name 'RATIO_WINDOW' is not defined;;
2026-01-12 10:12:34;ERROR;;;;;;;Erreur dans analyze_pairs_opportunity: name 'RATIO_WINDOW' is not defined;;
2026-01-12 10:12:34;ERROR;;;;;;;Erreur dans analyze_pairs_opportunity: Numba needs NumPy 2.2 or less. Got NumPy 2.3.;;
2026-01-12 10:12:36;ERROR;;;;;;;Erreur dans analyze_pairs_opportunity: name 'RATIO_WINDOW' is not defined;;
2026-01-12 10:12:48;ERROR;;;;;;;Erreur dans analyze_pairs_opportunity: name 'RATIO_WINDOW' is not defined;;
2026-01-12 10:12:49;ERROR;;;;;;;Erreur dans analyze_pairs_opportunity: name 'RATIO_WINDOW' is not defined;;
2026-01-12 10:12:49;ERROR;;;;;;;Erreur dans analyze_pairs_opportunity: Numba needs NumPy 2.2 or less. Got NumPy 2.3.;;
2026-01-12 10:12:51;ERROR;;;;;;;Erreur dans analyze_pairs_opportunity: name 'RATIO_WINDOW' is not defined;;
2026-01-12 10:13:03;ERROR;;;;;;;Erreur dans analyze_pairs_opportunity: name 'RATIO_WINDOW' is not defined;;
2026-01-12 10:13:04;ERROR;;;;;;;Erreur dans analyze_pairs_opportunity: name 'RATIO_WINDOW' is not defined;;
2026-01-12 10:13:04;ERROR;;;;;;;Erreur dans analyze_pairs_opportunity: Numba needs NumPy 2.2 or less. Got NumPy 2.3.;;
2026-01-12 10:13:06;ERROR;;;;;;;Erreur dans analyze_pairs_opportunity: name 'RATIO_WINDOW' is not defined;;
2026-01-12 10:13:18;ERROR;;;;;;;Erreur dans analyze_pairs_opportunity: name 'RATIO_WINDOW' is not defined;;
2026-01-12 10:13:19;ERROR;;;;;;;Erreur dans analyze_pairs_opportunity: name 'RATIO_WINDOW' is not defined;;
2026-01-12 10:13:19;ERROR;;;;;;;Erreur dans analyze_pairs_opportunity: Numba needs NumPy 2.2 or less. Got NumPy 2.3.;;
2026-01-12 10:13:21;ERROR;;;;;;;Erreur dans analyze_pairs_opportunity: name 'RATIO_WINDOW' is not defined;;
2026-01-12 10:13:33;ERROR;;;;;;;Erreur dans analyze_pairs_opportunity: name 'RATIO_WINDOW' is not defined;;
2026-01-12 10:13:34;ERROR;;;;;;;Erreur dans analyze_pairs_opportunity: name 'RATIO_WINDOW' is not defined;;
2026-01-12 10:13:34;ERROR;;;;;;;Erreur dans analyze_pairs_opportunity: Numba needs NumPy 2.2 or less. Got NumPy 2.3.;;
2026-01-12 10:13:36;ERROR;;;;;;;Erreur dans analyze_pairs_opportunity: name 'RATIO_WINDOW' is not defined;;
2026-01-12 10:13:48;ERROR;;;;;;;Erreur dans analyze_pairs_opportunity: name 'RATIO_WINDOW' is not defined;;
2026-01-12 10:13:49;ERROR;;;;;;;Erreur dans analyze_pairs_opportunity: name 'RATIO_WINDOW' is not defined;;
2026-01-12 10:13:49;ERROR;;;;;;;Erreur dans analyze_pairs_opportunity: Numba needs NumPy 2.2 or less. Got NumPy 2.3.;;
2026-01-12 10:13:51;ERROR;;;;;;;Erreur dans analyze_pairs_opportunity: name 'RATIO_WINDOW' is not defined;;
2026-01-12 10:14:04;ERROR;;;;;;;Erreur dans analyze_pairs_opportunity: name 'RATIO_WINDOW' is not defined;;
2026-01-12 10:14:04;ERROR;;;;;;;Erreur dans analyze_pairs_opportunity: name 'RATIO_WINDOW' is not defined;;
2026-01-12 10:14:05;ERROR;;;;;;;Erreur dans analyze_pairs_opportunity: Numba needs NumPy 2.2 or less. Got NumPy 2.3.;;
2026-01-12 10:14:06;ERROR;;;;;;;Erreur dans analyze_pairs_opportunity: name 'RATIO_WINDOW' is not defined;;
2026-01-12 10:14:19;ERROR;;;;;;;Erreur dans analyze_pairs_opportunity: name 'RATIO_WINDOW' is not defined;;
2026-01-12 10:14:19;ERROR;;;;;;;Erreur dans analyze_pairs_opportunity: name 'RATIO_WINDOW' is not defined;;
2026-01-12 10:14:20;ERROR;;;;;;;Erreur dans analyze_pairs_opportunity: Numba needs NumPy 2.2 or less. Got NumPy 2.3.;;
2026-01-12 10:14:21;ERROR;;;;;;;Erreur dans analyze_pairs_opportunity: name 'RATIO_WINDOW' is not defined;;
2026-01-12 10:14:34;ERROR;;;;;;;Erreur dans analyze_pairs_opportunity: name 'RATIO_WINDOW' is not defined;;
2026-01-12 10:14:34;ERROR;;;;;;;Erreur dans analyze_pairs_opportunity: name 'RATIO_WINDOW' is not defined;;
2026-01-12 10:14:35;ERROR;;;;;;;Erreur dans analyze_pairs_opportunity: Numba needs NumPy 2.2 or less. Got NumPy 2.3.;;
2026-01-12 10:14:36;ERROR;;;;;;;Erreur dans analyze_pairs_opportunity: name 'RATIO_WINDOW' is not defined;;
2026-01-12 10:15:18;ERROR;;;;;;;Erreur dans analyze_pairs_opportunity: name 'RATIO_WINDOW' is not defined;;
2026-01-12 10:15:18;ERROR;;;;;;;Erreur dans analyze_pairs_opportunity: name 'RATIO_WINDOW' is not defined;;
2026-01-12 10:15:18;ERROR;;;;;;;Erreur dans analyze_pairs_opportunity: name 'RATIO_WINDOW' is not defined;;
2026-01-12 10:15:18;ERROR;;;;;;;Erreur dans analyze_pairs_opportunity: Numba needs NumPy 2.2 or less. Got NumPy 2.3.;;
2026-01-12 10:15:33;ERROR;;;;;;;Erreur dans analyze_pairs_opportunity: name 'RATIO_WINDOW' is not defined;;
2026-01-12 10:15:33;ERROR;;;;;;;Erreur dans analyze_pairs_opportunity: name 'RATIO_WINDOW' is not defined;;
2026-01-12 10:15:33;ERROR;;;;;;;Erreur dans analyze_pairs_opportunity: name 'RATIO_WINDOW' is not defined;;
2026-01-12 10:15:33;ERROR;;;;;;;Erreur dans analyze_pairs_opportunity: Numba needs NumPy 2.2 or less. Got NumPy 2.3.;;
2026-01-12 10:15:48;ERROR;;;;;;;Erreur dans analyze_pairs_opportunity: name 'RATIO_WINDOW' is not defined;;
2026-01-12 10:15:48;ERROR;;;;;;;Erreur dans analyze_pairs_opportunity: name 'RATIO_WINDOW' is not defined;;
2026-01-12 10:15:48;ERROR;;;;;;;Erreur dans analyze_pairs_opportunity: name 'RATIO_WINDOW' is not defined;;
2026-01-12 10:15:48;ERROR;;;;;;;Erreur dans analyze_pairs_opportunity: Numba needs NumPy 2.2 or less. Got NumPy 2.3.;;
2026-01-12 10:16:03;ERROR;;;;;;;Erreur dans analyze_pairs_opportunity: name 'RATIO_WINDOW' is not defined;;
2026-01-12 10:16:03;ERROR;;;;;;;Erreur dans analyze_pairs_opportunity: name 'RATIO_WINDOW' is not defined;;
2026-01-12 10:16:03;ERROR;;;;;;;Erreur dans analyze_pairs_opportunity: name 'RATIO_WINDOW' is not defined;;
2026-01-12 10:16:03;ERROR;;;;;;;Erreur dans analyze_pairs_opportunity: Numba needs NumPy 2.2 or less. Got NumPy 2.3.;;
2026-01-12 10:16:18;ERROR;;;;;;;Erreur dans analyze_pairs_opportunity: name 'RATIO_WINDOW' is not defined;;
2026-01-12 10:16:18;ERROR;;;;;;;Erreur dans analyze_pairs_opportunity: name 'RATIO_WINDOW' is not defined;;
2026-01-12 10:16:18;ERROR;;;;;;;Erreur dans analyze_pairs_opportunity: name 'RATIO_WINDOW' is not defined;;
2026-01-12 10:16:18;ERROR;;;;;;;Erreur dans analyze_pairs_opportunity: Numba needs NumPy 2.2 or less. Got NumPy 2.3.;;
2026-01-12 10:16:33;ERROR;;;;;;;Erreur dans analyze_pairs_opportunity: name 'RATIO_WINDOW' is not defined;;
2026-01-12 10:16:33;ERROR;;;;;;;Erreur dans analyze_pairs_opportunity: name 'RATIO_WINDOW' is not defined;;
2026-01-12 10:16:33;ERROR;;;;;;;Erreur dans analyze_pairs_opportunity: Numba needs NumPy 2.2 or less. Got NumPy 2.3.;;
2026-01-12 10:16:48;ERROR;;;;;;;Erreur dans analyze_pairs_opportunity: name 'RATIO_WINDOW' is not defined;;
2026-01-12 10:16:48;ERROR;;;;;;;Erreur dans analyze_pairs_opportunity: name 'RATIO_WINDOW' is not defined;;
2026-01-12 10:16:48;ERROR;;;;;;;Erreur dans analyze_pairs_opportunity: name 'RATIO_WINDOW' is not defined;;
2026-01-12 10:16:48;ERROR;;;;;;;Erreur dans analyze_pairs_opportunity: Numba needs NumPy 2.2 or less. Got NumPy 2.3.;;
2026-01-12 10:17:03;ERROR;;;;;;;Erreur dans analyze_pairs_opportunity: name 'RATIO_WINDOW' is not defined;;
2026-01-12 10:17:03;ERROR;;;;;;;Erreur dans analyze_pairs_opportunity: name 'RATIO_WINDOW' is not defined;;
2026-01-12 10:17:03;ERROR;;;;;;;Erreur dans analyze_pairs_opportunity: name 'RATIO_WINDOW' is not defined;;
2026-01-12 10:17:03;ERROR;;;;;;;Erreur dans analyze_pairs_opportunity: Numba needs NumPy 2.2 or less. Got NumPy 2.3.;;
2026-01-12 10:18:34;ERROR;;;;;;;"Erreur envoi Telegram : HTTPSConnectionPool(host='api.telegram.org', port=443): Max retries exceeded with url: /bot8390637051:AAH03kUKFrNrRWeH7GCGLpk_AL8CI7TXVr4/sendMessage (Caused by NameResolutionError(""<urllib3.connection.HTTPSConnection object at 0x000002510F3947D0>: Failed to resolve 'api.telegram.org' ([Errno 11001] getaddrinfo failed)""))";;
2026-01-12 10:18:34;ERROR;;;;;;;"Erreur envoi Telegram : HTTPSConnectionPool(host='api.telegram.org', port=443): Max retries exceeded with url: /bot8390637051:AAH03kUKFrNrRWeH7GCGLpk_AL8CI7TXVr4/sendMessage (Caused by NameResolutionError(""<urllib3.connection.HTTPSConnection object at 0x000001A26AA46D50>: Failed to resolve 'api.telegram.org' ([Errno 11001] getaddrinfo failed)""))";;
2026-01-12 10:18:34;ERROR;;;;;;;"Erreur envoi Telegram : HTTPSConnectionPool(host='api.telegram.org', port=443): Max retries exceeded with url: /bot8390637051:AAH03kUKFrNrRWeH7GCGLpk_AL8CI7TXVr4/sendMessage (Caused by NameResolutionError(""<urllib3.connection.HTTPSConnection object at 0x0000026F393D6D50>: Failed to resolve 'api.telegram.org' ([Errno 11001] getaddrinfo failed)""))";;
2026-01-12 10:18:34;INFO;;;;;;;Déconnecté de MT5;;
2026-01-12 10:18:34;INFO;;;;;;;Déconnecté de MT5;;
2026-01-12 10:18:34;INFO;;;;;;;Déconnecté de MT5;;
2026-01-12 10:18:34;INFO;;;;;;;Déconnecté de MT5;;
2026-01-12 10:18:34;ERROR;;;;;;;"Erreur envoi Telegram : HTTPSConnectionPool(host='api.telegram.org', port=443): Max retries exceeded with url: /bot8390637051:AAH03kUKFrNrRWeH7GCGLpk_AL8CI7TXVr4/sendMessage (Caused by NameResolutionError(""<urllib3.connection.HTTPSConnection object at 0x000001A36622F610>: Failed to resolve 'api.telegram.org' ([Errno 11001] getaddrinfo failed)""))";;
2026-01-12 10:18:34;INFO;;;;;;;Déconnecté de MT5;;
2026-01-12 10:19:46;ERROR;;;;;;;Échec d'initialisation MT5: (-10005, 'IPC timeout');;
2026-01-12 10:19:46;INFO;;;;;;;Déconnecté de MT5;;
2026-01-12 10:19:46;INFO;;;;;;;Bot arrêté;;
2026-01-12 10:19:46;ERROR;;;;;;;Échec d'initialisation MT5: (-10005, 'IPC timeout');;
2026-01-12 10:19:46;INFO;;;;;;;Déconnecté de MT5;;
2026-01-12 10:19:46;INFO;;;;;;;Bot arrêté;;
2026-01-12 10:19:46;ERROR;;;;;;;Échec d'initialisation MT5: (-10005, 'IPC timeout');;
2026-01-12 10:19:46;INFO;;;;;;;Déconnecté de MT5;;
2026-01-12 10:19:46;INFO;;;;;;;Bot arrêté;;
2026-01-12 10:19:46;ERROR;;;;;;;Échec d'initialisation MT5: (-10005, 'IPC timeout');;
2026-01-12 10:19:46;ERROR;;;;;;;Échec d'initialisation MT5: (-10005, 'IPC timeout');;
2026-01-12 10:19:46;INFO;;;;;;;Déconnecté de MT5;;
2026-01-12 10:19:46;INFO;;;;;;;Déconnecté de MT5;;
2026-01-12 10:19:46;INFO;;;;;;;Bot arrêté;;
2026-01-12 10:19:46;INFO;;;;;;;Bot arrêté;;
2026-01-12 10:29:30;INFO;;;;;;;Connecté au compte MT5: 101181033;;
2026-01-12 10:29:30;INFO;;;;;;;Compte: 101181033, Balance: 10000.0, Equity: 10000.0;10000.0;10000.0
2026-01-12 10:29:33;INFO;;;;;;;Session démarrée: 20260112_102933;;
2026-01-12 10:44:54;INFO;;;;;;;Arrêt du bot demandé par l'utilisateur;;
2026-01-12 10:45:01;INFO;;;;;;;Déconnecté de MT5;;
2026-01-12 10:45:01;INFO;;;;;;;Bot arrêté;;
